<?xml version="1.0" encoding="UTF-8"?>
<GoodreadsResponse>
  <Request>
    <authentication>true</authentication>
      <key><![CDATA[qqkX8sMrWqlyBbkJzzGQ0A]]></key>
    <method><![CDATA[review_list]]></method>
  </Request>
  <reviews start="1" end="20" total="143">
    <review>
  <id>30758128</id>
    <book>
  <id type="integer">59897</id>
  <isbn>0751505633</isbn>
  <isbn13>9780751505634</isbn13>
  <text_reviews_count type="integer">83</text_reviews_count>
  <title>Wanderlust</title>
  <image_url>https://s.gr-assets.com/assets/nophoto/book/111x148-6204a98ba2aba2d1aa07b9bea87124f8.png</image_url>
  <small_image_url>https://s.gr-assets.com/assets/nophoto/book/50x75-6121bf4c1f669098041843ec9650ca19.png</small_image_url>
  <large_image_url></large_image_url>
  <link>https://www.goodreads.com/book/show/59897.Wanderlust</link>
  <num_pages>436</num_pages>
  <format>Paperback</format>
  <edition_information></edition_information>
  <publisher>Little Brown and Company</publisher>
  <publication_day></publication_day>
  <publication_year></publication_year>
  <publication_month></publication_month>
  <average_rating>3.77</average_rating>
  <ratings_count>3719</ratings_count>
  <description></description>
<authors>
  <author>
    <id>14255</id>
    <name>Danielle Steel</name>
    <image_url><![CDATA[https://d.gr-assets.com/authors/1340133722p5/14255.jpg]]></image_url>
    <small_image_url><![CDATA[https://d.gr-assets.com/authors/1340133722p2/14255.jpg]]></small_image_url>
    <link><![CDATA[https://www.goodreads.com/author/show/14255.Danielle_Steel]]></link>
    <average_rating>3.74</average_rating>
    <ratings_count>368811</ratings_count>
    <text_reviews_count>17567</text_reviews_count>
  </author>
</authors>
  <published></published>
</book>



  <rating>5</rating>
  <votes>0</votes>
  <spoiler_flag>false</spoiler_flag>
  <spoilers_state>none</spoilers_state>
  <shelves>
      <shelf name="read" exclusive="true"/>
  </shelves>
  <recommended_for></recommended_for>
  <recommended_by></recommended_by>
  <started_at></started_at>
  <read_at>Mon Jan 01 00:00:00 -0800 1996</read_at>
  <date_added>Wed Aug 20 23:29:59 -0700 2008</date_added>
  <date_updated>Wed Apr 30 23:15:23 -0700 2014</date_updated>
  <read_count></read_count>
  <body>
      <![CDATA[This one is on my top 10 list. Great romance novel. I have read this one about 3 or 4 times or more. It has a lot of action and drama. I remember the most about this book is the <a href="http://www.goodreads.com/book/show/16304.orient_express" title="orient express by Agatha Christie">orient express</a>. It takes place in may different countries. That is why it is called Wanderlust. In fact, I think I will...]]>
  </body>
  <comments_count>0</comments_count>
  <url><![CDATA[https://www.goodreads.com/review/show/30758128]]></url>
  <link><![CDATA[https://www.goodreads.com/review/show/30758128]]></link>
    <owned>0</owned>
</review>

    <review>
  <id>30758803</id>
    <book>
  <id type="integer">21323</id>
  <isbn>0399146261</isbn>
  <isbn13>9780399146268</isbn13>
  <text_reviews_count type="integer">6</text_reviews_count>
  <title>Cold Fire / Hideaway / The Key to Midnight</title>
  <image_url>https://d.gr-assets.com/books/1309287773m/21323.jpg</image_url>
  <small_image_url>https://d.gr-assets.com/books/1309287773s/21323.jpg</small_image_url>
  <large_image_url></large_image_url>
  <link>https://www.goodreads.com/book/show/21323.Cold_Fire_Hideaway_The_Key_to_Midnight</link>
  <num_pages>784</num_pages>
  <format>Hardcover</format>
  <edition_information></edition_information>
  <publisher>Putnam Adult</publisher>
  <publication_day>28</publication_day>
  <publication_year>2000</publication_year>
  <publication_month>8</publication_month>
  <average_rating>4.11</average_rating>
  <ratings_count>12510</ratings_count>
  <description>A collection of three previously published Koontz novels. This will be the first time The Key To Midnight will be available in hardcover.</description>
<authors>
  <author>
    <id>9355</id>
    <name>Dean Koontz</name>
    <image_url><![CDATA[https://d.gr-assets.com/authors/1341717803p5/9355.jpg]]></image_url>
    <small_image_url><![CDATA[https://d.gr-assets.com/authors/1341717803p2/9355.jpg]]></small_image_url>
    <link><![CDATA[https://www.goodreads.com/author/show/9355.Dean_Koontz]]></link>
    <average_rating>3.85</average_rating>
    <ratings_count>1401082</ratings_count>
    <text_reviews_count>51463</text_reviews_count>
  </author>
</authors>
  <published>2000</published>
</book>



  <rating>5</rating>
  <votes>0</votes>
  <spoiler_flag>false</spoiler_flag>
  <spoilers_state>none</spoilers_state>
  <shelves>
      <shelf name="read" exclusive="true"/>
  </shelves>
  <recommended_for></recommended_for>
  <recommended_by></recommended_by>
  <started_at></started_at>
  <read_at>Wed Jan 01 00:00:00 -0800 1992</read_at>
  <date_added>Wed Aug 20 23:45:08 -0700 2008</date_added>
  <date_updated>Mon Nov 15 21:21:09 -0800 2010</date_updated>
  <read_count></read_count>
  <body>
      
  </body>
  <comments_count>0</comments_count>
  <url><![CDATA[https://www.goodreads.com/review/show/30758803]]></url>
  <link><![CDATA[https://www.goodreads.com/review/show/30758803]]></link>
    <owned>0</owned>
</review>

    <review>
  <id>30758719</id>
    <book>
  <id type="integer">32445</id>
  <isbn>0446531383</isbn>
  <isbn13>9780446531382</isbn13>
  <text_reviews_count type="integer">119</text_reviews_count>
  <title>Strange Highways</title>
  <image_url>https://s.gr-assets.com/assets/nophoto/book/111x148-6204a98ba2aba2d1aa07b9bea87124f8.png</image_url>
  <small_image_url>https://s.gr-assets.com/assets/nophoto/book/50x75-6121bf4c1f669098041843ec9650ca19.png</small_image_url>
  <large_image_url></large_image_url>
  <link>https://www.goodreads.com/book/show/32445.Strange_Highways</link>
  <num_pages></num_pages>
  <format></format>
  <edition_information></edition_information>
  <publisher></publisher>
  <publication_day></publication_day>
  <publication_year></publication_year>
  <publication_month></publication_month>
  <average_rating>3.79</average_rating>
  <ratings_count>11531</ratings_count>
  <description></description>
<authors>
  <author>
    <id>9355</id>
    <name>Dean Koontz</name>
    <image_url><![CDATA[https://d.gr-assets.com/authors/1341717803p5/9355.jpg]]></image_url>
    <small_image_url><![CDATA[https://d.gr-assets.com/authors/1341717803p2/9355.jpg]]></small_image_url>
    <link><![CDATA[https://www.goodreads.com/author/show/9355.Dean_Koontz]]></link>
    <average_rating>3.85</average_rating>
    <ratings_count>1401082</ratings_count>
    <text_reviews_count>51463</text_reviews_count>
  </author>
</authors>
  <published></published>
</book>



  <rating>5</rating>
  <votes>0</votes>
  <spoiler_flag>false</spoiler_flag>
  <spoilers_state>none</spoilers_state>
  <shelves>
      <shelf name="read" exclusive="true"/>
  </shelves>
  <recommended_for></recommended_for>
  <recommended_by></recommended_by>
  <started_at></started_at>
  <read_at>Thu Jan 01 00:00:00 -0800 1998</read_at>
  <date_added>Wed Aug 20 23:43:08 -0700 2008</date_added>
  <date_updated>Mon Nov 15 21:10:24 -0800 2010</date_updated>
  <read_count></read_count>
  <body>
      
  </body>
  <comments_count>0</comments_count>
  <url><![CDATA[https://www.goodreads.com/review/show/30758719]]></url>
  <link><![CDATA[https://www.goodreads.com/review/show/30758719]]></link>
    <owned>0</owned>
</review>

    <review>
  <id>30758574</id>
    <book>
  <id type="integer">64955</id>
  <isbn>0425194515</isbn>
  <isbn13>9780425194515</isbn13>
  <text_reviews_count type="integer">216</text_reviews_count>
  <title>Midnight</title>
  <image_url>https://d.gr-assets.com/books/1308459731m/64955.jpg</image_url>
  <small_image_url>https://d.gr-assets.com/books/1308459731s/64955.jpg</small_image_url>
  <large_image_url></large_image_url>
  <link>https://www.goodreads.com/book/show/64955.Midnight</link>
  <num_pages>496</num_pages>
  <format>Paperback</format>
  <edition_information></edition_information>
  <publisher>Berkley</publisher>
  <publication_day>3</publication_day>
  <publication_year>2004</publication_year>
  <publication_month>2</publication_month>
  <average_rating>3.75</average_rating>
  <ratings_count>15715</ratings_count>
  <description>The citizens of Moonlight Cove are changing. Some are losing touch with their deepest emotions. Others are surrendering to their wildest urges. And the few who remain unchanged are absolutely terrified—if not brutally murdered in the dead of night. Enter the shocking world of Moonlight Cove, where four unlikely survivors confront the darkest realms of human nature...</description>
<authors>
  <author>
    <id>9355</id>
    <name>Dean Koontz</name>
    <image_url><![CDATA[https://d.gr-assets.com/authors/1341717803p5/9355.jpg]]></image_url>
    <small_image_url><![CDATA[https://d.gr-assets.com/authors/1341717803p2/9355.jpg]]></small_image_url>
    <link><![CDATA[https://www.goodreads.com/author/show/9355.Dean_Koontz]]></link>
    <average_rating>3.85</average_rating>
    <ratings_count>1401082</ratings_count>
    <text_reviews_count>51463</text_reviews_count>
  </author>
</authors>
  <published>2004</published>
</book>



  <rating>5</rating>
  <votes>0</votes>
  <spoiler_flag>false</spoiler_flag>
  <spoilers_state>none</spoilers_state>
  <shelves>
      <shelf name="read" exclusive="true"/>
  </shelves>
  <recommended_for></recommended_for>
  <recommended_by></recommended_by>
  <started_at></started_at>
  <read_at>Tue Jan 01 00:00:00 -0800 1991</read_at>
  <date_added>Wed Aug 20 23:39:04 -0700 2008</date_added>
  <date_updated>Thu Aug 02 21:28:12 -0700 2012</date_updated>
  <read_count></read_count>
  <body>
      
  </body>
  <comments_count>0</comments_count>
  <url><![CDATA[https://www.goodreads.com/review/show/30758574]]></url>
  <link><![CDATA[https://www.goodreads.com/review/show/30758574]]></link>
    <owned>0</owned>
</review>

    <review>
  <id>392156036</id>
    <book>
  <id type="integer">10203031</id>
  <isbn nil="true"></isbn>
  <isbn13 nil="true"></isbn13>
  <text_reviews_count type="integer">1545</text_reviews_count>
  <title>Ascend (Trylle Trilogy, #3)</title>
  <image_url>https://d.gr-assets.com/books/1327883277m/10203031.jpg</image_url>
  <small_image_url>https://d.gr-assets.com/books/1327883277s/10203031.jpg</small_image_url>
  <large_image_url></large_image_url>
  <link>https://www.goodreads.com/book/show/10203031-ascend</link>
  <num_pages>326</num_pages>
  <format>Kindle Edition</format>
  <edition_information></edition_information>
  <publisher></publisher>
  <publication_day>11</publication_day>
  <publication_year>2011</publication_year>
  <publication_month>1</publication_month>
  <average_rating>4.08</average_rating>
  <ratings_count>36858</ratings_count>
  <description>The final book in the Trylle Trilogy..&lt;br&gt;&lt;br&gt;With a war looming on the horizon, Wendy's fate seems sealed.But everything she sacrificed might be in vain if she can't save the ones she loves. Her whole life has been leading up to this, and it's all coming to an end.</description>
<authors>
  <author>
    <id>3486415</id>
    <name>Amanda Hocking</name>
    <image_url><![CDATA[https://d.gr-assets.com/authors/1407171628p5/3486415.jpg]]></image_url>
    <small_image_url><![CDATA[https://d.gr-assets.com/authors/1407171628p2/3486415.jpg]]></small_image_url>
    <link><![CDATA[https://www.goodreads.com/author/show/3486415.Amanda_Hocking]]></link>
    <average_rating>3.96</average_rating>
    <ratings_count>252010</ratings_count>
    <text_reviews_count>18917</text_reviews_count>
  </author>
</authors>
  <published>2011</published>
</book>



  <rating>5</rating>
  <votes>0</votes>
  <spoiler_flag>false</spoiler_flag>
  <spoilers_state>none</spoilers_state>
  <shelves>
      <shelf name="read" exclusive="true"/>
  </shelves>
  <recommended_for></recommended_for>
  <recommended_by></recommended_by>
  <started_at></started_at>
  <read_at></read_at>
  <date_added>Wed Aug 15 01:21:30 -0700 2012</date_added>
  <date_updated>Wed Aug 15 01:21:30 -0700 2012</date_updated>
  <read_count></read_count>
  <body>
      
  </body>
  <comments_count>0</comments_count>
  <url><![CDATA[https://www.goodreads.com/review/show/392156036]]></url>
  <link><![CDATA[https://www.goodreads.com/review/show/392156036]]></link>
    <owned>0</owned>
</review>

    <review>
  <id>30756362</id>
    <book>
  <id type="integer">1162543</id>
  <isbn>031606792X</isbn>
  <isbn13>9780316067928</isbn13>
  <text_reviews_count type="integer">39595</text_reviews_count>
  <title>Breaking Dawn (Twilight, #4)</title>
  <image_url>https://d.gr-assets.com/books/1361039438m/1162543.jpg</image_url>
  <small_image_url>https://d.gr-assets.com/books/1361039438s/1162543.jpg</small_image_url>
  <large_image_url></large_image_url>
  <link>https://www.goodreads.com/book/show/1162543.Breaking_Dawn</link>
  <num_pages>756</num_pages>
  <format>Hardcover</format>
  <edition_information>1st Edition</edition_information>
  <publisher>Little, Brown and Company</publisher>
  <publication_day>2</publication_day>
  <publication_year>2008</publication_year>
  <publication_month>8</publication_month>
  <average_rating>3.72</average_rating>
  <ratings_count>882179</ratings_count>
  <description>&lt;em&gt;"Don't be afraid," I murmured. "We belong together."&lt;br&gt;&lt;br&gt;I was abruptly overwhelmed by the truth of my own words. This moment was so perfect, so right, there was no way to doubt it.&lt;br&gt;&lt;br&gt;His arms wrapped around me, holding me against him... It felt like every nerve ending in my body was a live wire.&lt;br&gt;&lt;br&gt;"Forever," he agreed.&lt;/em&gt;&lt;br&gt;&lt;br&gt;When you loved the one who was killing you, it left you no options. How could you run, how could you fight, when doing so would hurt that beloved one? If your life was all you had to give, how could you not give it? If it was someone you truly loved?&lt;br&gt;&lt;br&gt;To be irrevocably in love with a vampire is both fantasy and nightmare woven into a dangerously heightened reality for Bella Swan. Pulled in one direction by her intense passion for Edward Cullen, and in another by her profound connection to werewolf Jacob Black, a tumultuous year of temptation, loss, and strife have led her to the ultimate turning point. Her imminent choice to either join the dark but seductive world of immortals or to pursue a fully human life has become the thread from which the fates of two tribes hangs.&lt;br&gt;&lt;br&gt;Now that Bella has made her decision, a startling chain of unprecedented events is about to unfold with potentially devastating, and unfathomable, consequences. Just when the frayed strands of Bella's life-first discovered in Twilight, then scattered and torn in New Moon and Eclipse-seem ready to heal and knit together, could they be destroyed... forever?</description>
<authors>
  <author>
    <id>941441</id>
    <name>Stephenie Meyer</name>
    <image_url><![CDATA[https://d.gr-assets.com/authors/1395583393p5/941441.jpg]]></image_url>
    <small_image_url><![CDATA[https://d.gr-assets.com/authors/1395583393p2/941441.jpg]]></small_image_url>
    <link><![CDATA[https://www.goodreads.com/author/show/941441.Stephenie_Meyer]]></link>
    <average_rating>3.65</average_rating>
    <ratings_count>6277060</ratings_count>
    <text_reviews_count>261307</text_reviews_count>
  </author>
</authors>
  <published>2008</published>
</book>



  <rating>5</rating>
  <votes>0</votes>
  <spoiler_flag>false</spoiler_flag>
  <spoilers_state>none</spoilers_state>
  <shelves>
      <shelf name="read" exclusive="true"/>
  </shelves>
  <recommended_for>anyone over age 18</recommended_for>
  <recommended_by></recommended_by>
  <started_at></started_at>
  <read_at>Fri Aug 01 00:00:00 -0700 2008</read_at>
  <date_added>Wed Aug 20 22:55:15 -0700 2008</date_added>
  <date_updated>Mon Sep 01 11:27:31 -0700 2008</date_updated>
  <read_count></read_count>
  <body>
      <![CDATA[so far so good. what an interesting book!! I am so glad it is so long since it is the last one of the saga. It is like 765 pages I think. This book has the viewpoint of not just Bella but also Jacob, so far. Don't worry, I wont give anything away. ]]>
  </body>
  <comments_count>1</comments_count>
  <url><![CDATA[https://www.goodreads.com/review/show/30756362]]></url>
  <link><![CDATA[https://www.goodreads.com/review/show/30756362]]></link>
    <owned>0</owned>
</review>

    <review>
  <id>30758594</id>
    <book>
  <id type="integer">16431</id>
  <isbn>0553589490</isbn>
  <isbn13>9780553589498</isbn13>
  <text_reviews_count type="integer">329</text_reviews_count>
  <title>Sole Survivor</title>
  <image_url>https://d.gr-assets.com/books/1308459581m/16431.jpg</image_url>
  <small_image_url>https://d.gr-assets.com/books/1308459581s/16431.jpg</small_image_url>
  <large_image_url></large_image_url>
  <link>https://www.goodreads.com/book/show/16431.Sole_Survivor</link>
  <num_pages>403</num_pages>
  <format>Paperback</format>
  <edition_information></edition_information>
  <publisher>Bantam Books</publisher>
  <publication_day>25</publication_day>
  <publication_year>2006</publication_year>
  <publication_month>7</publication_month>
  <average_rating>3.75</average_rating>
  <ratings_count>18205</ratings_count>
  <description>A catastrophic, unexplainable plane crash leaves three hundred and thirty dead--no survivors. Among the victims are the wife and two daughters of Joe Carpenter, a Los Angeles Post crime reporter. &lt;br&gt;A year after the crash, still gripped by an almost paralyzing grief, Joe encounters a woman named Rose, who claims to have survived the crash. She holds out the possibility of a secret that will bring Joe peace of mind. But before he can ask any questions, she slips away. &lt;br&gt;Driven now by rage (have the authorities withheld information?) and a hope almost as unbearable as his grief (if there is one survivor, are there others?), Joe sets out to find the mysterious woman. His search immediately leads him into the path of a powerful and shadowy organization hell-bent on stopping Rose before she can reveal what she knows about the crash. &lt;br&gt;Sole Survivor unfolds at a heart-stopping pace, as a desperate chase and a shattering emotional odyssey lead Joe to a truth that will force him to reassess everything he thought he knew about life and death--a truth that, given the chance, will rock the world and redefine the destiny of humanity.</description>
<authors>
  <author>
    <id>9355</id>
    <name>Dean Koontz</name>
    <image_url><![CDATA[https://d.gr-assets.com/authors/1341717803p5/9355.jpg]]></image_url>
    <small_image_url><![CDATA[https://d.gr-assets.com/authors/1341717803p2/9355.jpg]]></small_image_url>
    <link><![CDATA[https://www.goodreads.com/author/show/9355.Dean_Koontz]]></link>
    <average_rating>3.85</average_rating>
    <ratings_count>1401082</ratings_count>
    <text_reviews_count>51463</text_reviews_count>
  </author>
</authors>
  <published>2006</published>
</book>



  <rating>5</rating>
  <votes>0</votes>
  <spoiler_flag>false</spoiler_flag>
  <spoilers_state>none</spoilers_state>
  <shelves>
      <shelf name="read" exclusive="true"/>
  </shelves>
  <recommended_for></recommended_for>
  <recommended_by></recommended_by>
  <started_at></started_at>
  <read_at></read_at>
  <date_added>Wed Aug 20 23:39:44 -0700 2008</date_added>
  <date_updated>Wed Aug 20 23:39:44 -0700 2008</date_updated>
  <read_count></read_count>
  <body>
      
  </body>
  <comments_count>0</comments_count>
  <url><![CDATA[https://www.goodreads.com/review/show/30758594]]></url>
  <link><![CDATA[https://www.goodreads.com/review/show/30758594]]></link>
    <owned>0</owned>
</review>

    <review>
  <id>69053869</id>
    <book>
  <id type="integer">24770</id>
  <isbn>0689865384</isbn>
  <isbn13>9780689865381</isbn13>
  <text_reviews_count type="integer">15221</text_reviews_count>
  <title>Uglies (Uglies, #1)</title>
  <image_url>https://d.gr-assets.com/books/1358962036m/24770.jpg</image_url>
  <small_image_url>https://d.gr-assets.com/books/1358962036s/24770.jpg</small_image_url>
  <large_image_url></large_image_url>
  <link>https://www.goodreads.com/book/show/24770.Uglies</link>
  <num_pages>448</num_pages>
  <format>Paperback</format>
  <edition_information></edition_information>
  <publisher>Simon Pulse</publisher>
  <publication_day>8</publication_day>
  <publication_year>2005</publication_year>
  <publication_month>2</publication_month>
  <average_rating>3.87</average_rating>
  <ratings_count>295980</ratings_count>
  <description>Everybody gets to be supermodel gorgeous. What could be wrong with that? &lt;br&gt;&lt;br&gt;Tally is about to turn sixteen, and she can't wait. Not for her license - for turning pretty. In Tally's world, your sixteenth birthday brings an operation that turns you from a repellent ugly into a stunningly attractive pretty and catapults you into a high-tech paradise where your only job is to have a really great time. In just a few weeks Tally will be there.&lt;br&gt;&lt;br&gt;But Tally's new friend Shay isn't sure she wants to be pretty. She'd rather risk life on the outside. When Shay runs away, Tally learns about a whole new side of the pretty world and it isn't very pretty. The authorities offer Tally the worst choice she can imagine: find her friend and turn her in, or never turn pretty at all. &lt;br&gt;&lt;br&gt;The choice Tally makes changes her world forever...</description>
<authors>
  <author>
    <id>13957</id>
    <name>Scott Westerfeld</name>
    <image_url><![CDATA[https://d.gr-assets.com/authors/1407941654p5/13957.jpg]]></image_url>
    <small_image_url><![CDATA[https://d.gr-assets.com/authors/1407941654p2/13957.jpg]]></small_image_url>
    <link><![CDATA[https://www.goodreads.com/author/show/13957.Scott_Westerfeld]]></link>
    <average_rating>3.85</average_rating>
    <ratings_count>840653</ratings_count>
    <text_reviews_count>54210</text_reviews_count>
  </author>
</authors>
  <published>2005</published>
</book>



  <rating>5</rating>
  <votes>0</votes>
  <spoiler_flag>false</spoiler_flag>
  <spoilers_state>none</spoilers_state>
  <shelves>
      <shelf name="read" exclusive="true"/>
  </shelves>
  <recommended_for></recommended_for>
  <recommended_by></recommended_by>
  <started_at></started_at>
  <read_at>Wed Aug 26 00:00:00 -0700 2009</read_at>
  <date_added>Wed Aug 26 23:30:02 -0700 2009</date_added>
  <date_updated>Mon Nov 15 21:25:06 -0800 2010</date_updated>
  <read_count></read_count>
  <body>
      
  </body>
  <comments_count>0</comments_count>
  <url><![CDATA[https://www.goodreads.com/review/show/69053869]]></url>
  <link><![CDATA[https://www.goodreads.com/review/show/69053869]]></link>
    <owned>1</owned>
</review>

    <review>
  <id>71904852</id>
    <book>
  <id type="integer">818811</id>
  <isbn>0767927567</isbn>
  <isbn13>9780767927567</isbn13>
  <text_reviews_count type="integer">3458</text_reviews_count>
  <title>Escape</title>
  <image_url>https://s.gr-assets.com/assets/nophoto/book/111x148-6204a98ba2aba2d1aa07b9bea87124f8.png</image_url>
  <small_image_url>https://s.gr-assets.com/assets/nophoto/book/50x75-6121bf4c1f669098041843ec9650ca19.png</small_image_url>
  <large_image_url></large_image_url>
  <link>https://www.goodreads.com/book/show/818811.Escape</link>
  <num_pages>413</num_pages>
  <format></format>
  <edition_information></edition_information>
  <publisher></publisher>
  <publication_day></publication_day>
  <publication_year></publication_year>
  <publication_month></publication_month>
  <average_rating>3.94</average_rating>
  <ratings_count>22176</ratings_count>
  <description>The dramatic first-person account of life inside an ultra-fundamentalist American religious sect, and one woman’s courageous flight to freedom with her eight children.&lt;br&gt;&lt;br&gt;When she was eighteen years old, Carolyn Jessop was coerced into an arranged marriage with a total stranger: a man thirty-two years her senior. Merril Jessop already had three wives. But arranged plural marriages were an integral part of Carolyn’s heritage: She was born into and raised in the Fundamentalist Church of Jesus Christ of Latter-Day Saints (FLDS), the radical offshoot of the Mormon Church that had settled in small communities along the Arizona-Utah border. Over the next fifteen years, Carolyn had eight children and withstood her husband’s psychological abuse and the watchful eyes of his other wives who were locked in a constant battle for supremacy.&lt;br&gt;&lt;br&gt;Carolyn’s every move was dictated by her husband’s whims. He decided where she lived and how her children would be treated. He controlled the money she earned as a school teacher. He chose when they had sex; Carolyn could only refuse—at her peril. For in the FLDS, a wife’s compliance with her husband determined how much status both she and her children held in the family. Carolyn was miserable for years and wanted out, but she knew that if she tried to leave and got caught, her children would be taken away from her. No woman in the country had ever escaped from the FLDS and managed to get her children out, too. But in 2003, Carolyn chose freedom over fear and fled her home with her eight children. She had $20 to her name.&lt;br&gt;&lt;br&gt;&lt;em&gt;Escape&lt;/em&gt; exposes a world tantamount to a prison camp, created by religious fanatics who, in the name of God, deprive their followers the right to make choices, force women to be totally subservient to men, and brainwash children in church-run schools. Against this background, Carolyn Jessop’s flight takes on an extraordinary, inspiring power. Not only did she manage a daring escape from a brutal environment, she became the first woman ever granted full custody of her children in a contested suit involving the FLDS. And in 2006, her reports to the Utah attorney general on church abuses formed a crucial part of the case that led to the arrest of their notorious leader, Warren Jeffs.</description>
<authors>
  <author>
    <id>427437</id>
    <name>Carolyn Jessop</name>
    <image_url><![CDATA[https://d.gr-assets.com/authors/1290116694p5/427437.jpg]]></image_url>
    <small_image_url><![CDATA[https://d.gr-assets.com/authors/1290116694p2/427437.jpg]]></small_image_url>
    <link><![CDATA[https://www.goodreads.com/author/show/427437.Carolyn_Jessop]]></link>
    <average_rating>3.92</average_rating>
    <ratings_count>24303</ratings_count>
    <text_reviews_count>3844</text_reviews_count>
  </author>
</authors>
  <published></published>
</book>



  <rating>5</rating>
  <votes>0</votes>
  <spoiler_flag>false</spoiler_flag>
  <spoilers_state>none</spoilers_state>
  <shelves>
      <shelf name="read" exclusive="true"/>
  </shelves>
  <recommended_for></recommended_for>
  <recommended_by></recommended_by>
  <started_at></started_at>
  <read_at>Sun Sep 20 14:25:32 -0700 2009</read_at>
  <date_added>Sun Sep 20 14:17:45 -0700 2009</date_added>
  <date_updated>Sun Sep 20 14:25:32 -0700 2009</date_updated>
  <read_count></read_count>
  <body>
      
  </body>
  <comments_count>0</comments_count>
  <url><![CDATA[https://www.goodreads.com/review/show/71904852]]></url>
  <link><![CDATA[https://www.goodreads.com/review/show/71904852]]></link>
    <owned>0</owned>
</review>

    <review>
  <id>30758035</id>
    <book>
  <id type="integer">59854</id>
  <isbn>0751505587</isbn>
  <isbn13>9780751505580</isbn13>
  <text_reviews_count type="integer">53</text_reviews_count>
  <title>Secrets</title>
  <image_url>https://s.gr-assets.com/assets/nophoto/book/111x148-6204a98ba2aba2d1aa07b9bea87124f8.png</image_url>
  <small_image_url>https://s.gr-assets.com/assets/nophoto/book/50x75-6121bf4c1f669098041843ec9650ca19.png</small_image_url>
  <large_image_url></large_image_url>
  <link>https://www.goodreads.com/book/show/59854.Secrets</link>
  <num_pages></num_pages>
  <format>Paperback</format>
  <edition_information></edition_information>
  <publisher>Grand Central Publishing</publisher>
  <publication_day></publication_day>
  <publication_year></publication_year>
  <publication_month></publication_month>
  <average_rating>3.67</average_rating>
  <ratings_count>3785</ratings_count>
  <description>Danielle Steel is a master storyteller and one of the best-known and best-loved writers of women's fiction of all time</description>
<authors>
  <author>
    <id>14255</id>
    <name>Danielle Steel</name>
    <image_url><![CDATA[https://d.gr-assets.com/authors/1340133722p5/14255.jpg]]></image_url>
    <small_image_url><![CDATA[https://d.gr-assets.com/authors/1340133722p2/14255.jpg]]></small_image_url>
    <link><![CDATA[https://www.goodreads.com/author/show/14255.Danielle_Steel]]></link>
    <average_rating>3.74</average_rating>
    <ratings_count>368811</ratings_count>
    <text_reviews_count>17567</text_reviews_count>
  </author>
</authors>
  <published></published>
</book>



  <rating>5</rating>
  <votes>0</votes>
  <spoiler_flag>false</spoiler_flag>
  <spoilers_state>none</spoilers_state>
  <shelves>
      <shelf name="read" exclusive="true"/>
  </shelves>
  <recommended_for></recommended_for>
  <recommended_by></recommended_by>
  <started_at></started_at>
  <read_at>Sun Jan 01 00:00:00 -0800 2006</read_at>
  <date_added>Wed Aug 20 23:28:08 -0700 2008</date_added>
  <date_updated>Wed Aug 20 23:29:05 -0700 2008</date_updated>
  <read_count></read_count>
  <body>
      <![CDATA[one of my favorite books by her. A page turner. Very interesting, full of drama. ]]>
  </body>
  <comments_count>0</comments_count>
  <url><![CDATA[https://www.goodreads.com/review/show/30758035]]></url>
  <link><![CDATA[https://www.goodreads.com/review/show/30758035]]></link>
    <owned>0</owned>
</review>

    <review>
  <id>30755907</id>
    <book>
  <id type="integer">428263</id>
  <isbn>0316160202</isbn>
  <isbn13>9780316160209</isbn13>
  <text_reviews_count type="integer">30117</text_reviews_count>
  <title>Eclipse (Twilight, #3)</title>
  <image_url>https://d.gr-assets.com/books/1361038355m/428263.jpg</image_url>
  <small_image_url>https://d.gr-assets.com/books/1361038355s/428263.jpg</small_image_url>
  <large_image_url></large_image_url>
  <link>https://www.goodreads.com/book/show/428263.Eclipse</link>
  <num_pages>629</num_pages>
  <format>Hardcover</format>
  <edition_information>1st Edition</edition_information>
  <publisher>Little, Brown and Company</publisher>
  <publication_day>7</publication_day>
  <publication_year>2007</publication_year>
  <publication_month>8</publication_month>
  <average_rating>3.72</average_rating>
  <ratings_count>916335</ratings_count>
  <description>&lt;em&gt;In the dead silence, all the details suddenly fell into place for me with a burst of intuition.&lt;br&gt;&lt;br&gt;Something Edward didn't want me to know. Something Jacob wouldn't have kept from me...&lt;br&gt;&lt;br&gt;It was never going to end, was it?&lt;/em&gt;&lt;br&gt;&lt;br&gt;As Seattle is ravaged by a string of mysterious killings and a malicious vampire continues her quest for revenge, Bella once again finds herself surrounded by danger. In the midst of it all, she is forced to choose between her love for Edward and her friendship with Jacob - knowing that her decision has the potential to ignite the ageless struggle between vampire and werewolf. With her graduation quickly approaching, Bella has one more decision to make: life or death. But which is which?</description>
<authors>
  <author>
    <id>941441</id>
    <name>Stephenie Meyer</name>
    <image_url><![CDATA[https://d.gr-assets.com/authors/1395583393p5/941441.jpg]]></image_url>
    <small_image_url><![CDATA[https://d.gr-assets.com/authors/1395583393p2/941441.jpg]]></small_image_url>
    <link><![CDATA[https://www.goodreads.com/author/show/941441.Stephenie_Meyer]]></link>
    <average_rating>3.65</average_rating>
    <ratings_count>6277060</ratings_count>
    <text_reviews_count>261307</text_reviews_count>
  </author>
</authors>
  <published>2007</published>
</book>



  <rating>5</rating>
  <votes>0</votes>
  <spoiler_flag>false</spoiler_flag>
  <spoilers_state>none</spoilers_state>
  <shelves>
      <shelf name="read" exclusive="true"/>
  </shelves>
  <recommended_for>anyone</recommended_for>
  <recommended_by>lots of people</recommended_by>
  <started_at></started_at>
  <read_at>Thu May 01 00:00:00 -0700 2008</read_at>
  <date_added>Wed Aug 20 22:46:34 -0700 2008</date_added>
  <date_updated>Wed Aug 20 22:49:54 -0700 2008</date_updated>
  <read_count></read_count>
  <body>
      <![CDATA[this is a great book, it really makes you want to read the final one. It is action packed and full of drama. Love it!]]>
  </body>
  <comments_count>0</comments_count>
  <url><![CDATA[https://www.goodreads.com/review/show/30755907]]></url>
  <link><![CDATA[https://www.goodreads.com/review/show/30755907]]></link>
    <owned>0</owned>
</review>

    <review>
  <id>157461030</id>
    <book>
  <id type="integer">6527740</id>
  <isbn>1595143068</isbn>
  <isbn13>9781595143068</isbn13>
  <text_reviews_count type="integer">7196</text_reviews_count>
  <title>Last Sacrifice (Vampire Academy, #6)</title>
  <image_url>https://d.gr-assets.com/books/1319850978m/6527740.jpg</image_url>
  <small_image_url>https://d.gr-assets.com/books/1319850978s/6527740.jpg</small_image_url>
  <large_image_url></large_image_url>
  <link>https://www.goodreads.com/book/show/6527740-last-sacrifice</link>
  <num_pages>594</num_pages>
  <format>Hardcover</format>
  <edition_information>1st Edition</edition_information>
  <publisher>Razorbill</publisher>
  <publication_day>7</publication_day>
  <publication_year>2010</publication_year>
  <publication_month>12</publication_month>
  <average_rating>4.49</average_rating>
  <ratings_count>134245</ratings_count>
  <description>&lt;strong&gt;They come first.&lt;/strong&gt;&lt;br&gt;&lt;br&gt;My vision was growing dimmer, the blackness and ghosts closing in. I swore it was like I could hear Robert whispering in my ear: &lt;em&gt;The world of the dead won't give you up a second time.&lt;/em&gt; Just before the light completely vanished, I saw Dimitri's face join Lissa's. I wanted to smile. I decided then that if the two people I loved most were safe, I could leave this world.&lt;br&gt;&lt;br&gt;The dead could finally have me.&lt;br&gt;&lt;br&gt;&lt;br&gt;&lt;strong&gt;Rose Hathaway has always played by her own rules.&lt;/strong&gt; She broke the law when she ran away from St. Vladimir's Academy with her best friend and last surviving Dragomir princess, Lissa. She broke the law when she fell in love with her gorgeous, off-limits instructor, Dimitri. And she dared to defy Queen Tatiana, leader of the Moroi world, risking her life and reputation to protect generations of dhampir guardians to come.&lt;br&gt;&lt;br&gt;Now the law has finally caught up with Rose - for a crime she didn't even commit. She's in prison for the highest offense imaginable: the assassination of a monarch. She'll need help from both Dimitri and Adrian to find the one living person who can stall her execution and force the Moroi elite to acknowledge a shocking new candidate for the royal throne: Vasilisa Dragomir.&lt;br&gt;&lt;br&gt;But the clock on Rose's life is running out. Rose knows in her heart the world of the dead wants her back...and this time she is truly out of second chances. The big question is, when your whole life is about saving others, who will save you?&lt;br&gt;&lt;br&gt;Join Rose, Dimitri, Adrian, and Lissa in &lt;em&gt;Last Sacrifice&lt;/em&gt;, the epic, unforgettable finale to Richelle Mead's international #1 bestselling &lt;em&gt;Vampire Academy&lt;/em&gt; series.</description>
<authors>
  <author>
    <id>137902</id>
    <name>Richelle Mead</name>
    <image_url><![CDATA[https://d.gr-assets.com/authors/1270374609p5/137902.jpg]]></image_url>
    <small_image_url><![CDATA[https://d.gr-assets.com/authors/1270374609p2/137902.jpg]]></small_image_url>
    <link><![CDATA[https://www.goodreads.com/author/show/137902.Richelle_Mead]]></link>
    <average_rating>4.32</average_rating>
    <ratings_count>1641446</ratings_count>
    <text_reviews_count>87384</text_reviews_count>
  </author>
</authors>
  <published>2010</published>
</book>



  <rating>5</rating>
  <votes>0</votes>
  <spoiler_flag>false</spoiler_flag>
  <spoilers_state>none</spoilers_state>
  <shelves>
      <shelf name="read" exclusive="true"/>
  </shelves>
  <recommended_for></recommended_for>
  <recommended_by></recommended_by>
  <started_at></started_at>
  <read_at>Mon Mar 28 00:00:00 -0700 2011</read_at>
  <date_added>Tue Mar 29 08:05:59 -0700 2011</date_added>
  <date_updated>Tue Mar 29 08:08:14 -0700 2011</date_updated>
  <read_count></read_count>
  <body>
      <![CDATA[This was one of my favorite by far! I loved that is was long and had a great ending!]]>
  </body>
  <comments_count>0</comments_count>
  <url><![CDATA[https://www.goodreads.com/review/show/157461030]]></url>
  <link><![CDATA[https://www.goodreads.com/review/show/157461030]]></link>
    <owned>0</owned>
</review>

    <review>
  <id>30758637</id>
    <book>
  <id type="integer">32433</id>
  <isbn>0425147517</isbn>
  <isbn13>9780425147511</isbn13>
  <text_reviews_count type="integer">139</text_reviews_count>
  <title>The Key to Midnight</title>
  <image_url>https://s.gr-assets.com/assets/nophoto/book/111x148-6204a98ba2aba2d1aa07b9bea87124f8.png</image_url>
  <small_image_url>https://s.gr-assets.com/assets/nophoto/book/50x75-6121bf4c1f669098041843ec9650ca19.png</small_image_url>
  <large_image_url></large_image_url>
  <link>https://www.goodreads.com/book/show/32433.The_Key_to_Midnight</link>
  <num_pages>419</num_pages>
  <format>Mass Market Paperback</format>
  <edition_information></edition_information>
  <publisher>Berkley</publisher>
  <publication_day>1</publication_day>
  <publication_year>1995</publication_year>
  <publication_month>6</publication_month>
  <average_rating>3.87</average_rating>
  <ratings_count>17978</ratings_count>
  <description>Joanna Rand left the U.S. ten years ago to sing in a Japanese nightclub. Ever since, she's been plagued with nightmares of terror. There is only one man can help her -- Alex Hunter. Ten years ago he saw her picture in the papers -- as a senator's daughter who had disappeared. Now he has to bring her memories back to her, memories of a past more terrifying than they dreamed possible...</description>
<authors>
  <author>
    <id>215502</id>
    <name>Leigh Nichols</name>
    <image_url><![CDATA[https://s.gr-assets.com/assets/nophoto/user/u_200x266-312f5971f6b4a667fe0e83c852b56858.png]]></image_url>
    <small_image_url><![CDATA[https://s.gr-assets.com/assets/nophoto/user/u_50x66-d9f6a4a5badfda0f69e70cc94d962125.png]]></small_image_url>
    <link><![CDATA[https://www.goodreads.com/author/show/215502.Leigh_Nichols]]></link>
    <average_rating>3.83</average_rating>
    <ratings_count>71535</ratings_count>
    <text_reviews_count>1165</text_reviews_count>
  </author>
</authors>
  <published>1995</published>
</book>



  <rating>5</rating>
  <votes>0</votes>
  <spoiler_flag>false</spoiler_flag>
  <spoilers_state>none</spoilers_state>
  <shelves>
      <shelf name="read" exclusive="true"/>
  </shelves>
  <recommended_for></recommended_for>
  <recommended_by></recommended_by>
  <started_at></started_at>
  <read_at></read_at>
  <date_added>Wed Aug 20 23:40:51 -0700 2008</date_added>
  <date_updated>Wed Aug 20 23:40:51 -0700 2008</date_updated>
  <read_count></read_count>
  <body>
      
  </body>
  <comments_count>0</comments_count>
  <url><![CDATA[https://www.goodreads.com/review/show/30758637]]></url>
  <link><![CDATA[https://www.goodreads.com/review/show/30758637]]></link>
    <owned>0</owned>
</review>

    <review>
  <id>30755584</id>
    <book>
  <id type="integer">41865</id>
  <isbn>0316015849</isbn>
  <isbn13>9780316015844</isbn13>
  <text_reviews_count type="integer">81701</text_reviews_count>
  <title>Twilight (Twilight, #1)</title>
  <image_url>https://d.gr-assets.com/books/1361039443m/41865.jpg</image_url>
  <small_image_url>https://d.gr-assets.com/books/1361039443s/41865.jpg</small_image_url>
  <large_image_url></large_image_url>
  <link>https://www.goodreads.com/book/show/41865.Twilight</link>
  <num_pages>498</num_pages>
  <format>Paperback</format>
  <edition_information></edition_information>
  <publisher>Little, Brown and Company</publisher>
  <publication_day>6</publication_day>
  <publication_year>2006</publication_year>
  <publication_month>9</publication_month>
  <average_rating>3.56</average_rating>
  <ratings_count>2485255</ratings_count>
  <description>&lt;em&gt;About three things I was absolutely positive:&lt;br&gt;&lt;br&gt;First, Edward was a vampire.&lt;br&gt;&lt;br&gt;Second, there was a part of him - and I didn't know how dominant that part might be - that thirsted for my blood.&lt;br&gt;&lt;br&gt;And third, I was unconditionally and irrevocably in love with him.&lt;/em&gt;&lt;br&gt;&lt;br&gt;When Bella Swan moves to the gloomy town of Forks and meets Edward Cullen, her life takes a thrilling and terrifying turn. With his porcelain skin, golden eyes, mesmerizing voice, and supernatural gifts, Edward is both irresistible and impenetrable. Up until now, he has managed to keep his true identity hidden, but Bella is determined to uncover his dark secret.&lt;br&gt;&lt;br&gt;What Bella doesn't realize is the closer she gets to him, the more she is putting herself and those around her at risk. And it might be too late to turn back...</description>
<authors>
  <author>
    <id>941441</id>
    <name>Stephenie Meyer</name>
    <image_url><![CDATA[https://d.gr-assets.com/authors/1395583393p5/941441.jpg]]></image_url>
    <small_image_url><![CDATA[https://d.gr-assets.com/authors/1395583393p2/941441.jpg]]></small_image_url>
    <link><![CDATA[https://www.goodreads.com/author/show/941441.Stephenie_Meyer]]></link>
    <average_rating>3.65</average_rating>
    <ratings_count>6277060</ratings_count>
    <text_reviews_count>261307</text_reviews_count>
  </author>
</authors>
  <published>2006</published>
</book>



  <rating>5</rating>
  <votes>0</votes>
  <spoiler_flag>false</spoiler_flag>
  <spoilers_state>none</spoilers_state>
  <shelves>
      <shelf name="read" exclusive="true"/>
  </shelves>
  <recommended_for></recommended_for>
  <recommended_by></recommended_by>
  <started_at></started_at>
  <read_at>Mon Jan 01 00:00:00 -0800 2007</read_at>
  <date_added>Wed Aug 20 22:42:12 -0700 2008</date_added>
  <date_updated>Mon Nov 15 21:08:35 -0800 2010</date_updated>
  <read_count></read_count>
  <body>
      <![CDATA[LOVE IT. I love all of Stephanie Meyers books. This is the first of a great saga. It is a quick read, it is clean and creative. A great love story. Unique and fun.]]>
  </body>
  <comments_count>0</comments_count>
  <url><![CDATA[https://www.goodreads.com/review/show/30755584]]></url>
  <link><![CDATA[https://www.goodreads.com/review/show/30755584]]></link>
    <owned>0</owned>
</review>

    <review>
  <id>30758876</id>
    <book>
  <id type="integer">3189783</id>
  <isbn nil="true"></isbn>
  <isbn13>9780399154812</isbn13>
  <text_reviews_count type="integer">2</text_reviews_count>
  <title>Dean Koontz: Three Complete Novels: The House of Thunder / Shadowfires / Midnight</title>
  <image_url>https://s.gr-assets.com/assets/nophoto/book/111x148-6204a98ba2aba2d1aa07b9bea87124f8.png</image_url>
  <small_image_url>https://s.gr-assets.com/assets/nophoto/book/50x75-6121bf4c1f669098041843ec9650ca19.png</small_image_url>
  <large_image_url></large_image_url>
  <link>https://www.goodreads.com/book/show/3189783-dean-koontz</link>
  <num_pages>804</num_pages>
  <format>Hardcover</format>
  <edition_information></edition_information>
  <publisher>G P Putnam's Sons</publisher>
  <publication_day></publication_day>
  <publication_year>1982</publication_year>
  <publication_month></publication_month>
  <average_rating>4.10</average_rating>
  <ratings_count>132</ratings_count>
  <description></description>
<authors>
  <author>
    <id>9355</id>
    <name>Dean Koontz</name>
    <image_url><![CDATA[https://d.gr-assets.com/authors/1341717803p5/9355.jpg]]></image_url>
    <small_image_url><![CDATA[https://d.gr-assets.com/authors/1341717803p2/9355.jpg]]></small_image_url>
    <link><![CDATA[https://www.goodreads.com/author/show/9355.Dean_Koontz]]></link>
    <average_rating>3.85</average_rating>
    <ratings_count>1401082</ratings_count>
    <text_reviews_count>51463</text_reviews_count>
  </author>
</authors>
  <published>1982</published>
</book>



  <rating>5</rating>
  <votes>0</votes>
  <spoiler_flag>false</spoiler_flag>
  <spoilers_state>none</spoilers_state>
  <shelves>
      <shelf name="read" exclusive="true"/>
  </shelves>
  <recommended_for></recommended_for>
  <recommended_by></recommended_by>
  <started_at></started_at>
  <read_at></read_at>
  <date_added>Wed Aug 20 23:46:37 -0700 2008</date_added>
  <date_updated>Wed Aug 20 23:46:37 -0700 2008</date_updated>
  <read_count></read_count>
  <body>
      
  </body>
  <comments_count>0</comments_count>
  <url><![CDATA[https://www.goodreads.com/review/show/30758876]]></url>
  <link><![CDATA[https://www.goodreads.com/review/show/30758876]]></link>
    <owned>0</owned>
</review>

    <review>
  <id>30758566</id>
    <book>
  <id type="integer">32446</id>
  <isbn>0451205421</isbn>
  <isbn13>9780451205421</isbn13>
  <text_reviews_count type="integer">406</text_reviews_count>
  <title>The Door to December</title>
  <image_url>https://s.gr-assets.com/assets/nophoto/book/111x148-6204a98ba2aba2d1aa07b9bea87124f8.png</image_url>
  <small_image_url>https://s.gr-assets.com/assets/nophoto/book/50x75-6121bf4c1f669098041843ec9650ca19.png</small_image_url>
  <large_image_url></large_image_url>
  <link>https://www.goodreads.com/book/show/32446.The_Door_to_December</link>
  <num_pages>528</num_pages>
  <format>Paperback</format>
  <edition_information></edition_information>
  <publisher>Signet</publisher>
  <publication_day>1</publication_day>
  <publication_year>2002</publication_year>
  <publication_month>6</publication_month>
  <average_rating>3.86</average_rating>
  <ratings_count>22648</ratings_count>
  <description>One of Koontz's best-loved novels of psychological suspense, &lt;strong&gt;The Door to December&lt;/strong&gt; takes readers into the darkest recesses of the human mind-and into the tempest of a father's obsession.</description>
<authors>
  <author>
    <id>248844</id>
    <name>Richard Paige</name>
    <image_url><![CDATA[https://s.gr-assets.com/assets/nophoto/user/u_200x266-312f5971f6b4a667fe0e83c852b56858.png]]></image_url>
    <small_image_url><![CDATA[https://s.gr-assets.com/assets/nophoto/user/u_50x66-d9f6a4a5badfda0f69e70cc94d962125.png]]></small_image_url>
    <link><![CDATA[https://www.goodreads.com/author/show/248844.Richard_Paige]]></link>
    <average_rating>3.86</average_rating>
    <ratings_count>22652</ratings_count>
    <text_reviews_count>475</text_reviews_count>
  </author>
</authors>
  <published>2002</published>
</book>



  <rating>5</rating>
  <votes>0</votes>
  <spoiler_flag>false</spoiler_flag>
  <spoilers_state>none</spoilers_state>
  <shelves>
      <shelf name="read" exclusive="true"/>
  </shelves>
  <recommended_for></recommended_for>
  <recommended_by></recommended_by>
  <started_at></started_at>
  <read_at>Tue Jan 01 00:00:00 -0800 1991</read_at>
  <date_added>Wed Aug 20 23:38:53 -0700 2008</date_added>
  <date_updated>Mon Nov 15 21:24:00 -0800 2010</date_updated>
  <read_count></read_count>
  <body>
      
  </body>
  <comments_count>0</comments_count>
  <url><![CDATA[https://www.goodreads.com/review/show/30758566]]></url>
  <link><![CDATA[https://www.goodreads.com/review/show/30758566]]></link>
    <owned>0</owned>
</review>

    <review>
  <id>30758991</id>
    <book>
  <id type="integer">13137</id>
  <isbn>0446696617</isbn>
  <isbn13>9780446696616</isbn13>
  <text_reviews_count type="integer">3351</text_reviews_count>
  <title>1st to Die (Women's Murder Club, #1)</title>
  <image_url>https://s.gr-assets.com/assets/nophoto/book/111x148-6204a98ba2aba2d1aa07b9bea87124f8.png</image_url>
  <small_image_url>https://s.gr-assets.com/assets/nophoto/book/50x75-6121bf4c1f669098041843ec9650ca19.png</small_image_url>
  <large_image_url></large_image_url>
  <link>https://www.goodreads.com/book/show/13137.1st_to_Die</link>
  <num_pages>462</num_pages>
  <format>Paperback</format>
  <edition_information></edition_information>
  <publisher>Grand Central Publishing</publisher>
  <publication_day>20</publication_day>
  <publication_year>2005</publication_year>
  <publication_month>5</publication_month>
  <average_rating>4.00</average_rating>
  <ratings_count>156693</ratings_count>
  <description>James Patterson, bestselling author of the Alex Cross novels Along Came a Spider, Kiss the Girls, and Pop Goes the Weasel, offers the first of a new series dubbed The Women s Murder Club, featuring a four-woman team that occasionally works outside the system. None of the gritty darkness or frenzied action is lost in 1st to Die, although the female protagonists offer an even deeper emotional context to this suspense thriller.&lt;br&gt;&lt;br&gt;Inspector Lindsay Boxer of the San Francisco Police Department suddenly finds herself in the middle of two horrifying situations: The first is that she s just learned she has an often-fatal blood disease. The second is a double homicide case she s now heading up that involves the murder of newlyweds on their wedding night. Burdened with Chris Raleigh, a new partner reassigned from the mayor s office, Lindsay finds that she has too much to deal with and turns to her best friend, Claire, the head ME on the case. Claire offers helpful advice and human, friendly contact amid a job filled with violence, cruelty, and fear.&lt;br&gt;&lt;br&gt;Soon a fledgling newspaper reporter, Cindy, makes contact with Lindsay looking for a career-making story. Although Lindsay can t officially comment on the case, the two women form a rapport, and Cindy joins Lindsay and Claire for their weekly meeting. When a second pair of newlyweds is murdered, and later a third, the investigation leads to a prominent crime writer, Nicholas Jenks, who has a history of spousal abuse and a predilection for kinky, dangerous sex games. With the help of an understanding assistant D.A., Jill Bernhardt, Lindsay tries to make a case against Jenks, who even had an affair with one of the slain women. Eventually Jill joins the  Murder Club,  and the four ladies share private interdepartmental information in an effort to track and stop the killer before he strikes again.&lt;br&gt;&lt;br&gt;The major subplot -- Lindsay's facing up to her illness even while she learns to fall in love again -- carefully compensates for the novel s coarse scenes of brutality. Lindsay Boxer isn t merely an obsessed cop trailing a maniac; she s also a terrified woman confronting the onslaught of disease. The story lines balance out to show us the true mettle of someone who puts the safety of others before her own.&lt;br&gt;&lt;br&gt;Again, Patterson s skill for producing furiously paced fiction are evident as the novel breezes by rapidly.  The short chapters keep the narrative leaping with increasingly taut plot elements, but there s an emotional commitment that makes our protagonist even more amiable and involving. 1st to Die is a novel that works as an intense series of character portraits that will leave the reader touched and delighted.&lt;br&gt;&lt;br&gt;--Tom Piccirilli</description>
<authors>
  <author>
    <id>3780</id>
    <name>James Patterson</name>
    <image_url><![CDATA[https://d.gr-assets.com/authors/1284492096p5/3780.jpg]]></image_url>
    <small_image_url><![CDATA[https://d.gr-assets.com/authors/1284492096p2/3780.jpg]]></small_image_url>
    <link><![CDATA[https://www.goodreads.com/author/show/3780.James_Patterson]]></link>
    <average_rating>3.94</average_rating>
    <ratings_count>2912830</ratings_count>
    <text_reviews_count>133354</text_reviews_count>
  </author>
</authors>
  <published>2005</published>
</book>



  <rating>5</rating>
  <votes>0</votes>
  <spoiler_flag>false</spoiler_flag>
  <spoilers_state>none</spoilers_state>
  <shelves>
      <shelf name="read" exclusive="true"/>
  </shelves>
  <recommended_for></recommended_for>
  <recommended_by></recommended_by>
  <started_at></started_at>
  <read_at>Sun Jan 01 00:00:00 -0800 1995</read_at>
  <date_added>Wed Aug 20 23:49:27 -0700 2008</date_added>
  <date_updated>Mon Nov 15 21:18:39 -0800 2010</date_updated>
  <read_count></read_count>
  <body>
      
  </body>
  <comments_count>0</comments_count>
  <url><![CDATA[https://www.goodreads.com/review/show/30758991]]></url>
  <link><![CDATA[https://www.goodreads.com/review/show/30758991]]></link>
    <owned>0</owned>
</review>

    <review>
  <id>30756605</id>
    <book>
  <id type="integer">1656001</id>
  <isbn>0316068047</isbn>
  <isbn13>9780316068048</isbn13>
  <text_reviews_count type="integer">33391</text_reviews_count>
  <title>The Host (The Host, #1)</title>
  <image_url>https://d.gr-assets.com/books/1318009171m/1656001.jpg</image_url>
  <small_image_url>https://d.gr-assets.com/books/1318009171s/1656001.jpg</small_image_url>
  <large_image_url></large_image_url>
  <link>https://www.goodreads.com/book/show/1656001.The_Host</link>
  <num_pages>620</num_pages>
  <format>Hardcover</format>
  <edition_information></edition_information>
  <publisher>Little Brown and Company</publisher>
  <publication_day>6</publication_day>
  <publication_year>2008</publication_year>
  <publication_month>5</publication_month>
  <average_rating>3.85</average_rating>
  <ratings_count>574601</ratings_count>
  <description>Melanie Stryder refuses to fade away. The earth has been invaded by a species that take over the minds of human hosts while leaving their bodies intact. Wanderer, the invading "soul" who has been given Melanie's body, didn't expect to find its former tenant refusing to relinquish possession of her mind.&lt;br&gt;&lt;br&gt;As Melanie fills Wanderer's thoughts with visions of Jared, a human who still lives in hiding, Wanderer begins to yearn for a man she's never met. Reluctant allies, Wanderer and Melanie set off to search for the man they both love.&lt;br&gt;&lt;br&gt;Featuring one of the most unusual love triangles in literature, THE HOST is a riveting and unforgettable novel about the persistence of love and the essence of what it means to be human.</description>
<authors>
  <author>
    <id>941441</id>
    <name>Stephenie Meyer</name>
    <image_url><![CDATA[https://d.gr-assets.com/authors/1395583393p5/941441.jpg]]></image_url>
    <small_image_url><![CDATA[https://d.gr-assets.com/authors/1395583393p2/941441.jpg]]></small_image_url>
    <link><![CDATA[https://www.goodreads.com/author/show/941441.Stephenie_Meyer]]></link>
    <average_rating>3.65</average_rating>
    <ratings_count>6277060</ratings_count>
    <text_reviews_count>261307</text_reviews_count>
  </author>
</authors>
  <published>2008</published>
</book>



  <rating>5</rating>
  <votes>0</votes>
  <spoiler_flag>false</spoiler_flag>
  <spoilers_state>none</spoilers_state>
  <shelves>
      <shelf name="read" exclusive="true"/>
  </shelves>
  <recommended_for>anyone</recommended_for>
  <recommended_by></recommended_by>
  <started_at></started_at>
  <read_at>Tue Jul 01 00:00:00 -0700 2008</read_at>
  <date_added>Wed Aug 20 23:01:48 -0700 2008</date_added>
  <date_updated>Wed Aug 20 23:06:16 -0700 2008</date_updated>
  <read_count></read_count>
  <body>
      <![CDATA[This is by far her BEST book yet! I like it better than all the Twilight book series put together. It is so unique and creative. This is a very interesting story and I really loved it. This is the best book I have read in a very long time. I am hoping that she continues on and writes more as a co...]]>
  </body>
  <comments_count>0</comments_count>
  <url><![CDATA[https://www.goodreads.com/review/show/30756605]]></url>
  <link><![CDATA[https://www.goodreads.com/review/show/30756605]]></link>
    <owned>0</owned>
</review>

    <review>
  <id>185410856</id>
    <book>
  <id type="integer">9369720</id>
  <isbn>0385739168</isbn>
  <isbn13>9780385739160</isbn13>
  <text_reviews_count type="integer">4210</text_reviews_count>
  <title>Passion (Fallen, #3)</title>
  <image_url>https://d.gr-assets.com/books/1362339802m/9369720.jpg</image_url>
  <small_image_url>https://d.gr-assets.com/books/1362339802s/9369720.jpg</small_image_url>
  <large_image_url></large_image_url>
  <link>https://www.goodreads.com/book/show/9369720-passion</link>
  <num_pages>420</num_pages>
  <format>Hardcover</format>
  <edition_information>1st Edition</edition_information>
  <publisher>Delacorte Press</publisher>
  <publication_day>14</publication_day>
  <publication_year>2011</publication_year>
  <publication_month>6</publication_month>
  <average_rating>3.91</average_rating>
  <ratings_count>87857</ratings_count>
  <description>‘Every single lifetime, I'll choose you. Just as you have chosen me. Forever.’&lt;br&gt;&lt;br&gt;Luce would die for Daniel. And she has. Over and over again. Throughout time, Luce and Daniel have found each other, only to be painfully torn apart: Luce dead, Daniel left broken and alone. But perhaps it doesn’t need to be that way . . . Luce is certain that something – or someone – in a past life can help her in her present one. So she begins the most important journey of this lifetime . . . going back eternities to witness firsthand her romances with Daniel . . . and finally unlock the key to making their love last.&lt;br&gt;Cam and the legions of angels and Outcasts are desperate to catch Luce, but none are as frantic as Daniel. He chases Luce through their shared pasts, terrified of what might happen if she rewrites history. Because their romance for the ages could go up in flames . . . forever.</description>
<authors>
  <author>
    <id>2905297</id>
    <name>Lauren Kate</name>
    <image_url><![CDATA[https://d.gr-assets.com/authors/1296679724p5/2905297.jpg]]></image_url>
    <small_image_url><![CDATA[https://d.gr-assets.com/authors/1296679724p2/2905297.jpg]]></small_image_url>
    <link><![CDATA[https://www.goodreads.com/author/show/2905297.Lauren_Kate]]></link>
    <average_rating>3.84</average_rating>
    <ratings_count>581027</ratings_count>
    <text_reviews_count>32657</text_reviews_count>
  </author>
</authors>
  <published>2011</published>
</book>



  <rating>5</rating>
  <votes>0</votes>
  <spoiler_flag>false</spoiler_flag>
  <spoilers_state>none</spoilers_state>
  <shelves>
      <shelf name="read" exclusive="true"/>
  </shelves>
  <recommended_for></recommended_for>
  <recommended_by></recommended_by>
  <started_at></started_at>
  <read_at></read_at>
  <date_added>Fri Jul 15 22:53:17 -0700 2011</date_added>
  <date_updated>Fri Jul 15 22:53:17 -0700 2011</date_updated>
  <read_count></read_count>
  <body>
      
  </body>
  <comments_count>0</comments_count>
  <url><![CDATA[https://www.goodreads.com/review/show/185410856]]></url>
  <link><![CDATA[https://www.goodreads.com/review/show/185410856]]></link>
    <owned>0</owned>
</review>

    <review>
  <id>30758439</id>
    <book>
  <id type="integer">32439</id>
  <isbn>0553582917</isbn>
  <isbn13>9780553582918</isbn13>
  <text_reviews_count type="integer">1462</text_reviews_count>
  <title>Intensity</title>
  <image_url>https://d.gr-assets.com/books/1308458213m/32439.jpg</image_url>
  <small_image_url>https://d.gr-assets.com/books/1308458213s/32439.jpg</small_image_url>
  <large_image_url></large_image_url>
  <link>https://www.goodreads.com/book/show/32439.Intensity</link>
  <num_pages>436</num_pages>
  <format>Paperback</format>
  <edition_information></edition_information>
  <publisher>Bantam</publisher>
  <publication_day>31</publication_day>
  <publication_year>2000</publication_year>
  <publication_month>10</publication_month>
  <average_rating>4.02</average_rating>
  <ratings_count>46428</ratings_count>
  <description>Past midnight, Chyna Shepard, twenty-six, gazes out a moonlit window, unable to sleep on her first night in the Napa Valley home of her best friend's family. Instinct proves reliable. A murderous sociopath, Edgler Foreman Vess, has entered the house, intent on killing everyone inside. A self-proclaimed "homicidal adventurer," Vess lives only to satisfy all appetites as they arise, to immerse himself in sensation, to live without fear, remorse or limits, to live with "intensity." Chyna is trapped in his deadly orbit. &lt;br&gt;Chyna is a survivor, toughened by a lifelong struggle for safety and self-respect. Now she will be tested as never before. At first her sole aim is to get out alive--until, by chance, she learns the identity of Vess's next intended victim, a faraway innocent only she can save. Driven by a newly discovered thirst for meaning beyond mere self-preservation, Chyna musters every inner resource she has to save an endangered girl...as moment by moment, the terrifying threat of Edgler Foreman Vess intensifies.</description>
<authors>
  <author>
    <id>9355</id>
    <name>Dean Koontz</name>
    <image_url><![CDATA[https://d.gr-assets.com/authors/1341717803p5/9355.jpg]]></image_url>
    <small_image_url><![CDATA[https://d.gr-assets.com/authors/1341717803p2/9355.jpg]]></small_image_url>
    <link><![CDATA[https://www.goodreads.com/author/show/9355.Dean_Koontz]]></link>
    <average_rating>3.85</average_rating>
    <ratings_count>1401082</ratings_count>
    <text_reviews_count>51463</text_reviews_count>
  </author>
</authors>
  <published>2000</published>
</book>



  <rating>5</rating>
  <votes>0</votes>
  <spoiler_flag>false</spoiler_flag>
  <spoilers_state>none</spoilers_state>
  <shelves>
      <shelf name="read" exclusive="true"/>
  </shelves>
  <recommended_for></recommended_for>
  <recommended_by></recommended_by>
  <started_at></started_at>
  <read_at>Wed Jan 01 00:00:00 -0800 1997</read_at>
  <date_added>Wed Aug 20 23:35:50 -0700 2008</date_added>
  <date_updated>Wed Aug 20 23:37:37 -0700 2008</date_updated>
  <read_count></read_count>
  <body>
      <![CDATA[one of my top 10. Dont ever watch the movie. This is a real heart pounder! I loved it! In fact as soon as I was finished, I began it again that same second!! ]]>
  </body>
  <comments_count>0</comments_count>
  <url><![CDATA[https://www.goodreads.com/review/show/30758439]]></url>
  <link><![CDATA[https://www.goodreads.com/review/show/30758439]]></link>
    <owned>0</owned>
</review>

</reviews>

</GoodreadsResponse>