<?xml version="1.0" encoding="UTF-8"?>
<GoodreadsResponse>
  <Request>
    <authentication>true</authentication>
      <key><![CDATA[qqkX8sMrWqlyBbkJzzGQ0A]]></key>
    <method><![CDATA[review_list]]></method>
  </Request>
  <reviews start="1" end="20" total="749">
    <review>
  <id>762644372</id>
    <book>
  <id type="integer">53764</id>
  <isbn>0575070706</isbn>
  <isbn13>9780575070707</isbn13>
  <text_reviews_count type="integer">82</text_reviews_count>
  <title>The Great Dune Trilogy</title>
  <image_url>https://s.gr-assets.com/assets/nophoto/book/111x148-6204a98ba2aba2d1aa07b9bea87124f8.png</image_url>
  <small_image_url>https://s.gr-assets.com/assets/nophoto/book/50x75-6121bf4c1f669098041843ec9650ca19.png</small_image_url>
  <large_image_url></large_image_url>
  <link>https://www.goodreads.com/book/show/53764.The_Great_Dune_Trilogy</link>
  <num_pages>910</num_pages>
  <format></format>
  <edition_information></edition_information>
  <publisher></publisher>
  <publication_day></publication_day>
  <publication_year></publication_year>
  <publication_month></publication_month>
  <average_rating>4.34</average_rating>
  <ratings_count>39134</ratings_count>
  <description></description>
<authors>
  <author>
    <id>58</id>
    <name>Frank Herbert</name>
    <image_url><![CDATA[https://d.gr-assets.com/authors/1168661521p5/58.jpg]]></image_url>
    <small_image_url><![CDATA[https://d.gr-assets.com/authors/1168661521p2/58.jpg]]></small_image_url>
    <link><![CDATA[https://www.goodreads.com/author/show/58.Frank_Herbert]]></link>
    <average_rating>4.01</average_rating>
    <ratings_count>632212</ratings_count>
    <text_reviews_count>13215</text_reviews_count>
  </author>
</authors>
  <published></published>
</book>



  <rating>5</rating>
  <votes>0</votes>
  <spoiler_flag>false</spoiler_flag>
  <spoilers_state>none</spoilers_state>
  <shelves>
      <shelf name="read" exclusive="true"/>
      <shelf name="owned-books" exclusive="false" />
      <shelf name="favorites" exclusive="false" />
  </shelves>
  <recommended_for></recommended_for>
  <recommended_by></recommended_by>
  <started_at></started_at>
  <read_at></read_at>
  <date_added>Mon Nov 11 16:53:46 -0800 2013</date_added>
  <date_updated>Mon Nov 11 16:53:46 -0800 2013</date_updated>
  <read_count></read_count>
  <body>
      
  </body>
  <comments_count>0</comments_count>
  <url><![CDATA[https://www.goodreads.com/review/show/762644372]]></url>
  <link><![CDATA[https://www.goodreads.com/review/show/762644372]]></link>
    <owned>0</owned>
</review>

    <review>
  <id>762640868</id>
    <book>
  <id type="integer">216443</id>
  <isbn>0553296124</isbn>
  <isbn13>9780553296129</isbn13>
  <text_reviews_count type="integer">1037</text_reviews_count>
  <title>Heir to the Empire (Star Wars: The Thrawn Trilogy, #1)</title>
  <image_url>https://d.gr-assets.com/books/1398253847m/216443.jpg</image_url>
  <small_image_url>https://d.gr-assets.com/books/1398253847s/216443.jpg</small_image_url>
  <large_image_url></large_image_url>
  <link>https://www.goodreads.com/book/show/216443.Heir_to_the_Empire</link>
  <num_pages>404</num_pages>
  <format>Paperback</format>
  <edition_information></edition_information>
  <publisher>Bantam Spectra</publisher>
  <publication_day></publication_day>
  <publication_year>1992</publication_year>
  <publication_month>6</publication_month>
  <average_rating>4.07</average_rating>
  <ratings_count>34457</ratings_count>
  <description>It's five years after &lt;em&gt;Return of the Jedi:&lt;/em&gt; the Rebel Alliance has destroyed the Death Star, defeated Darth Vader and the Emperor, and driven out the remnants of the old Imperial Starfleet to a distant corner of the galaxy. Princess Leia and Han Solo are married and expecting Jedi Twins. And Luke Skywalker has become the first in a long-awaited line of Jedi Knights. But thousand of light-years away, the last of the emperor's warlords has taken command of the shattered Imperial Fleet, readied it for war, and pointed it at the fragile heart of the new Republic. For this dark warrior has made two vital discoveries that could destroy everything the courageous men and women of the Rebel Alliance fought so hard to build. The explosive confrontation that results is a towering epic of action, invention, mystery, and spectacle on a galactic scale--in short, a story worthy of the name &lt;em&gt;Star Wars.&lt;/em&gt;</description>
<authors>
  <author>
    <id>12479</id>
    <name>Timothy Zahn</name>
    <image_url><![CDATA[https://d.gr-assets.com/authors/1215545810p5/12479.jpg]]></image_url>
    <small_image_url><![CDATA[https://d.gr-assets.com/authors/1215545810p2/12479.jpg]]></small_image_url>
    <link><![CDATA[https://www.goodreads.com/author/show/12479.Timothy_Zahn]]></link>
    <average_rating>4.01</average_rating>
    <ratings_count>162140</ratings_count>
    <text_reviews_count>4964</text_reviews_count>
  </author>
</authors>
  <published>1992</published>
</book>



  <rating>5</rating>
  <votes>0</votes>
  <spoiler_flag>false</spoiler_flag>
  <spoilers_state>none</spoilers_state>
  <shelves>
      <shelf name="read" exclusive="true"/>
      <shelf name="owned-books" exclusive="false" />
  </shelves>
  <recommended_for></recommended_for>
  <recommended_by></recommended_by>
  <started_at></started_at>
  <read_at></read_at>
  <date_added>Mon Nov 11 16:49:10 -0800 2013</date_added>
  <date_updated>Sun Nov 17 19:19:06 -0800 2013</date_updated>
  <read_count></read_count>
  <body>
      
  </body>
  <comments_count>0</comments_count>
  <url><![CDATA[https://www.goodreads.com/review/show/762640868]]></url>
  <link><![CDATA[https://www.goodreads.com/review/show/762640868]]></link>
    <owned>0</owned>
</review>

    <review>
  <id>762558501</id>
    <book>
  <id type="integer">62291</id>
  <isbn>055357342X</isbn>
  <isbn13>9780553573428</isbn13>
  <text_reviews_count type="integer">11740</text_reviews_count>
  <title>A Storm of Swords (A Song of Ice and Fire, #3)</title>
  <image_url>https://d.gr-assets.com/books/1406378909m/62291.jpg</image_url>
  <small_image_url>https://d.gr-assets.com/books/1406378909s/62291.jpg</small_image_url>
  <large_image_url></large_image_url>
  <link>https://www.goodreads.com/book/show/62291.A_Storm_of_Swords</link>
  <num_pages>1177</num_pages>
  <format>Mass Market Paperback</format>
  <edition_information></edition_information>
  <publisher>Bantam</publisher>
  <publication_day>4</publication_day>
  <publication_year>2003</publication_year>
  <publication_month>3</publication_month>
  <average_rating>4.53</average_rating>
  <ratings_count>314686</ratings_count>
  <description>Here is the third volume in George R.R. Martin's magnificent cycle of novels that includes &lt;em&gt;A Game of Thrones&lt;/em&gt; and &lt;em&gt;A Clash of Kings&lt;/em&gt;.  Together, this series comprises a genuine masterpiece of modern fantasy, destined to stand as one of the great achievements of imaginative fiction.&lt;br&gt;&lt;br&gt;Of the five contenders for power, one is dead, another in disfavor, and still the wars rage as alliances are made and broken.  Joffrey sits on the Iron Throne, the uneasy ruler of of the Seven Kingdoms. His most bitter rival, Lord Stannis, stands defeated and disgraced, victim of the sorceress who holds him in her thrall.  Young Robb still rules the North from the fortress of Riverrun.  Meanwhile, making her way across a blood-drenched continent is the exiled queen, Daenerys, mistress of the only three dragons still left in the world.  And as opposing forces maneuver for the final showdown, an army of barbaric wildlings arrives from the outermost limits of civilization, accompanied by a horde of mythical Others—a supernatural army of the living dead whose animated corpses are unstoppable. As the future of the land hangs in the balance, no one will rest until the Seven Kingdoms have exploded in a veritable storm of swords...</description>
<authors>
  <author>
    <id>346732</id>
    <name>George R.R. Martin</name>
    <image_url><![CDATA[https://d.gr-assets.com/authors/1351944410p5/346732.jpg]]></image_url>
    <small_image_url><![CDATA[https://d.gr-assets.com/authors/1351944410p2/346732.jpg]]></small_image_url>
    <link><![CDATA[https://www.goodreads.com/author/show/346732.George_R_R_Martin]]></link>
    <average_rating>4.35</average_rating>
    <ratings_count>2291276</ratings_count>
    <text_reviews_count>109739</text_reviews_count>
  </author>
</authors>
  <published>2003</published>
</book>



  <rating>5</rating>
  <votes>0</votes>
  <spoiler_flag>false</spoiler_flag>
  <spoilers_state>none</spoilers_state>
  <shelves>
      <shelf name="read" exclusive="true"/>
      <shelf name="favorites" exclusive="false" />
      <shelf name="owned-books" exclusive="false" />
  </shelves>
  <recommended_for></recommended_for>
  <recommended_by></recommended_by>
  <started_at></started_at>
  <read_at></read_at>
  <date_added>Mon Nov 11 14:52:56 -0800 2013</date_added>
  <date_updated>Mon Nov 11 14:52:56 -0800 2013</date_updated>
  <read_count></read_count>
  <body>
      
  </body>
  <comments_count>0</comments_count>
  <url><![CDATA[https://www.goodreads.com/review/show/762558501]]></url>
  <link><![CDATA[https://www.goodreads.com/review/show/762558501]]></link>
    <owned>1</owned>
</review>

    <review>
  <id>768569591</id>
    <book>
  <id type="integer">102953</id>
  <isbn>1563893274</isbn>
  <isbn13>9781563893278</isbn13>
  <text_reviews_count type="integer">147</text_reviews_count>
  <title>Preacher, Volume 3: Proud Americans</title>
  <image_url>https://d.gr-assets.com/books/1309915653m/102953.jpg</image_url>
  <small_image_url>https://d.gr-assets.com/books/1309915653s/102953.jpg</small_image_url>
  <large_image_url></large_image_url>
  <link>https://www.goodreads.com/book/show/102953.Preacher_Volume_3</link>
  <num_pages>232</num_pages>
  <format>Paperback</format>
  <edition_information></edition_information>
  <publisher>Vertigo</publisher>
  <publication_day>1</publication_day>
  <publication_year>1997</publication_year>
  <publication_month>10</publication_month>
  <average_rating>4.28</average_rating>
  <ratings_count>14128</ratings_count>
  <description>The third amazing new edition in the PREACHER series, collecting issues #18-26.&lt;br&gt;&lt;br&gt;Jesse Custer heads for France to rescue Cassidy, the Irish vampire, from the clutches of religious fanatics. His search leads him into a no-holds-barred battle against the forces of the Grail. Also told here is the story of how Cassidy became a vampire in the first place.</description>
<authors>
  <author>
    <id>14965</id>
    <name>Garth Ennis</name>
    <image_url><![CDATA[https://d.gr-assets.com/authors/1242438038p5/14965.jpg]]></image_url>
    <small_image_url><![CDATA[https://d.gr-assets.com/authors/1242438038p2/14965.jpg]]></small_image_url>
    <link><![CDATA[https://www.goodreads.com/author/show/14965.Garth_Ennis]]></link>
    <average_rating>4.18</average_rating>
    <ratings_count>230803</ratings_count>
    <text_reviews_count>5221</text_reviews_count>
  </author>
</authors>
  <published>1997</published>
</book>



  <rating>5</rating>
  <votes>0</votes>
  <spoiler_flag>false</spoiler_flag>
  <spoilers_state>none</spoilers_state>
  <shelves>
      <shelf name="read" exclusive="true"/>
  </shelves>
  <recommended_for></recommended_for>
  <recommended_by></recommended_by>
  <started_at></started_at>
  <read_at></read_at>
  <date_added>Mon Nov 18 19:43:35 -0800 2013</date_added>
  <date_updated>Mon Nov 18 19:43:35 -0800 2013</date_updated>
  <read_count></read_count>
  <body>
      
  </body>
  <comments_count>0</comments_count>
  <url><![CDATA[https://www.goodreads.com/review/show/768569591]]></url>
  <link><![CDATA[https://www.goodreads.com/review/show/768569591]]></link>
    <owned>0</owned>
</review>

    <review>
  <id>776869614</id>
    <book>
  <id type="integer">394535</id>
  <isbn>0679728759</isbn>
  <isbn13>9780679728757</isbn13>
  <text_reviews_count type="integer">4442</text_reviews_count>
  <title>Blood Meridian, or the Evening Redness in the West</title>
  <image_url>https://d.gr-assets.com/books/1335231647m/394535.jpg</image_url>
  <small_image_url>https://d.gr-assets.com/books/1335231647s/394535.jpg</small_image_url>
  <large_image_url></large_image_url>
  <link>https://www.goodreads.com/book/show/394535.Blood_Meridian_or_the_Evening_Redness_in_the_West</link>
  <num_pages>337</num_pages>
  <format>Paperback</format>
  <edition_information></edition_information>
  <publisher>Vintage Books</publisher>
  <publication_day></publication_day>
  <publication_year>1992</publication_year>
  <publication_month>5</publication_month>
  <average_rating>4.20</average_rating>
  <ratings_count>49481</ratings_count>
  <description>An epic novel of the violence and depravity that attended America's westward expansion, &lt;strong&gt;Blood Meridian &lt;/strong&gt;brilliantly subverts the conventions of the Western novel and the mythology of the "wild west." Based on historical events that took place on the Texas-Mexico border in the 1850s, it traces the fortunes of the Kid, a fourteen-year-old Tennesseean who stumbles into the nightmarish world where Indians are being murdered and the market for their scalps is thriving.&lt;br&gt;&lt;br&gt;&lt;strong&gt;Publisher's Note:&lt;/strong&gt; The 25th Anniversary Edition has been reset, causing the text to reflow. Page references based on earlier editions will no longer apply, so Vintage Books has compiled the following chart as a conversion aid. Download the chart by copying and pasting the following link into your browser:&lt;br&gt;&lt;a href="http://knopfdoubleday.com/marketing/BloodMeridianPageReference.pdf" target="_blank" rel="nofollow"&gt;http://knopfdoubleday.com/marketing/B...&lt;/a&gt;</description>
<authors>
  <author>
    <id>4178</id>
    <name>Cormac McCarthy</name>
    <image_url><![CDATA[https://d.gr-assets.com/authors/1302752071p5/4178.jpg]]></image_url>
    <small_image_url><![CDATA[https://d.gr-assets.com/authors/1302752071p2/4178.jpg]]></small_image_url>
    <link><![CDATA[https://www.goodreads.com/author/show/4178.Cormac_McCarthy]]></link>
    <average_rating>3.98</average_rating>
    <ratings_count>631596</ratings_count>
    <text_reviews_count>49877</text_reviews_count>
  </author>
</authors>
  <published>1992</published>
</book>



  <rating>5</rating>
  <votes>0</votes>
  <spoiler_flag>false</spoiler_flag>
  <spoilers_state>none</spoilers_state>
  <shelves>
      <shelf name="read" exclusive="true"/>
  </shelves>
  <recommended_for></recommended_for>
  <recommended_by></recommended_by>
  <started_at></started_at>
  <read_at></read_at>
  <date_added>Fri Nov 29 18:12:09 -0800 2013</date_added>
  <date_updated>Fri Nov 29 18:12:09 -0800 2013</date_updated>
  <read_count></read_count>
  <body>
      
  </body>
  <comments_count>0</comments_count>
  <url><![CDATA[https://www.goodreads.com/review/show/776869614]]></url>
  <link><![CDATA[https://www.goodreads.com/review/show/776869614]]></link>
    <owned>0</owned>
</review>

    <review>
  <id>762691269</id>
    <book>
  <id type="integer">22206</id>
  <isbn>0099437961</isbn>
  <isbn13>9780099437963</isbn13>
  <text_reviews_count type="integer">1407</text_reviews_count>
  <title>Lullaby</title>
  <image_url>https://d.gr-assets.com/books/1327268513m/22206.jpg</image_url>
  <small_image_url>https://d.gr-assets.com/books/1327268513s/22206.jpg</small_image_url>
  <large_image_url></large_image_url>
  <link>https://www.goodreads.com/book/show/22206.Lullaby</link>
  <num_pages>260</num_pages>
  <format>Paperback</format>
  <edition_information></edition_information>
  <publisher>Vintage</publisher>
  <publication_day>5</publication_day>
  <publication_year>2003</publication_year>
  <publication_month>6</publication_month>
  <average_rating>3.71</average_rating>
  <ratings_count>58333</ratings_count>
  <description>Carl Streator is a reporter investigating Sudden Infant Death Syndrome for a soft-news feature. After responding to several calls with paramedics, he notices that all the dead children were read the same poem from the same library book the night before they died. It's a 'culling song' - an ancient African spell for euthanising sick or old people. Researching it, he meets a woman who killed her own child with it accidentally. He himself accidentally killed his own wife and child with the same poem twenty years earlier. Together, the man and the woman must find and destroy all copies of this book, and try not to kill every rude sonofabitch that gets in their way. &lt;em&gt;Lullaby&lt;/em&gt; is a comedy/drama/tragedy. In that order. It may also be Chuck Palahniuk's best book yet.</description>
<authors>
  <author>
    <id>2546</id>
    <name>Chuck Palahniuk</name>
    <image_url><![CDATA[https://d.gr-assets.com/authors/1391203076p5/2546.jpg]]></image_url>
    <small_image_url><![CDATA[https://d.gr-assets.com/authors/1391203076p2/2546.jpg]]></small_image_url>
    <link><![CDATA[https://www.goodreads.com/author/show/2546.Chuck_Palahniuk]]></link>
    <average_rating>3.82</average_rating>
    <ratings_count>847569</ratings_count>
    <text_reviews_count>36022</text_reviews_count>
  </author>
</authors>
  <published>2003</published>
</book>



  <rating>5</rating>
  <votes>0</votes>
  <spoiler_flag>false</spoiler_flag>
  <spoilers_state>none</spoilers_state>
  <shelves>
      <shelf name="read" exclusive="true"/>
      <shelf name="owned-books" exclusive="false" />
  </shelves>
  <recommended_for></recommended_for>
  <recommended_by></recommended_by>
  <started_at></started_at>
  <read_at></read_at>
  <date_added>Mon Nov 11 18:01:16 -0800 2013</date_added>
  <date_updated>Thu Nov 28 05:33:52 -0800 2013</date_updated>
  <read_count></read_count>
  <body>
      
  </body>
  <comments_count>0</comments_count>
  <url><![CDATA[https://www.goodreads.com/review/show/762691269]]></url>
  <link><![CDATA[https://www.goodreads.com/review/show/762691269]]></link>
    <owned>0</owned>
</review>

    <review>
  <id>762640181</id>
    <book>
  <id type="integer">46465</id>
  <isbn>0385340044</isbn>
  <isbn13>9780385340045</isbn13>
  <text_reviews_count type="integer">252</text_reviews_count>
  <title>The Chemistry of Death (David Hunter, #1)</title>
  <image_url>https://d.gr-assets.com/books/1320533922m/46465.jpg</image_url>
  <small_image_url>https://d.gr-assets.com/books/1320533922s/46465.jpg</small_image_url>
  <large_image_url></large_image_url>
  <link>https://www.goodreads.com/book/show/46465.The_Chemistry_of_Death</link>
  <num_pages>320</num_pages>
  <format>Hardcover</format>
  <edition_information></edition_information>
  <publisher>Delacorte Press</publisher>
  <publication_day>26</publication_day>
  <publication_year>2006</publication_year>
  <publication_month>9</publication_month>
  <average_rating>4.07</average_rating>
  <ratings_count>6198</ratings_count>
  <description>Three years ago, David Hunter moved to rural Norfolk to escape his life in London, his gritty work in forensics, and a tragedy that nearly destroyed him. Working as a simple country doctor, seeing his lost wife and daughter only in his dreams, David struggles to remain uninvolved when the corpse of a woman is found in the woods, a macabre sign from her killer decorating her body. In one horrifying instant, the quiet summer countryside that had been David’s refuge has turned malevolent—and suddenly there is no place to hide.&lt;br&gt;&lt;br&gt;The village of Manham is tight-knit, far from the beaten path. As a newcomer, Dr. Hunter is immediately a suspect. Once an expert in analyzing human remains, he reluctantly joins the police investigation—and when another woman disappears, it soon becomes personal. Because this time she is someone David knows, someone who has managed to penetrate the icy barrier around his heart. With a killer’s bizarre and twisted methods screaming out to him, with a brooding countryside beset with suspicion, David can feel the darkness gathering around him. For as the clock ticks down on a young woman’s life, David must follow a macabre trail of clues—all the way to its final, horrifying conclusion.</description>
<authors>
  <author>
    <id>26024</id>
    <name>Simon Beckett</name>
    <image_url><![CDATA[https://d.gr-assets.com/authors/1356716400p5/26024.jpg]]></image_url>
    <small_image_url><![CDATA[https://d.gr-assets.com/authors/1356716400p2/26024.jpg]]></small_image_url>
    <link><![CDATA[https://www.goodreads.com/author/show/26024.Simon_Beckett]]></link>
    <average_rating>3.92</average_rating>
    <ratings_count>18540</ratings_count>
    <text_reviews_count>1210</text_reviews_count>
  </author>
</authors>
  <published>2006</published>
</book>



  <rating>5</rating>
  <votes>0</votes>
  <spoiler_flag>false</spoiler_flag>
  <spoilers_state>none</spoilers_state>
  <shelves>
      <shelf name="read" exclusive="true"/>
      <shelf name="owned-books" exclusive="false" />
  </shelves>
  <recommended_for></recommended_for>
  <recommended_by></recommended_by>
  <started_at></started_at>
  <read_at></read_at>
  <date_added>Mon Nov 11 16:48:21 -0800 2013</date_added>
  <date_updated>Fri May 30 23:50:53 -0700 2014</date_updated>
  <read_count></read_count>
  <body>
      
  </body>
  <comments_count>0</comments_count>
  <url><![CDATA[https://www.goodreads.com/review/show/762640181]]></url>
  <link><![CDATA[https://www.goodreads.com/review/show/762640181]]></link>
    <owned>0</owned>
</review>

    <review>
  <id>993042477</id>
    <book>
  <id type="integer">16164271</id>
  <isbn>1613778538</isbn>
  <isbn13>9781613778531</isbn13>
  <text_reviews_count type="integer">457</text_reviews_count>
  <title>Locke &amp; Key, Vol. 6: Alpha &amp; Omega (Locke &amp; Key #6)</title>
  <image_url>https://d.gr-assets.com/books/1391443566m/16164271.jpg</image_url>
  <small_image_url>https://d.gr-assets.com/books/1391443566s/16164271.jpg</small_image_url>
  <large_image_url></large_image_url>
  <link>https://www.goodreads.com/book/show/16164271-locke-key-vol-6</link>
  <num_pages>192</num_pages>
  <format>Hardcover</format>
  <edition_information></edition_information>
  <publisher>IDW Publishing</publisher>
  <publication_day>11</publication_day>
  <publication_year>2014</publication_year>
  <publication_month>2</publication_month>
  <average_rating>4.62</average_rating>
  <ratings_count>3247</ratings_count>
  <description>The shadows have never been darker and the end has never been closer. Turn the key and open the last door; it's time to say goodbye.&lt;br&gt;&lt;br&gt;The final arc of New York Times bestselling Locke &amp;amp; Key comes to a thundrous and compelling conclusion.&lt;br&gt;&lt;br&gt;An event not to be missed!&lt;br&gt;&lt;br&gt;Collects Omega #1-5 and Alpha #1-2.</description>
<authors>
  <author>
    <id>88506</id>
    <name>Joe Hill</name>
    <image_url><![CDATA[https://d.gr-assets.com/authors/1393602032p5/88506.jpg]]></image_url>
    <small_image_url><![CDATA[https://d.gr-assets.com/authors/1393602032p2/88506.jpg]]></small_image_url>
    <link><![CDATA[https://www.goodreads.com/author/show/88506.Joe_Hill]]></link>
    <average_rating>4.02</average_rating>
    <ratings_count>220552</ratings_count>
    <text_reviews_count>21497</text_reviews_count>
  </author>
</authors>
  <published>2014</published>
</book>



  <rating>5</rating>
  <votes>0</votes>
  <spoiler_flag>false</spoiler_flag>
  <spoilers_state>none</spoilers_state>
  <shelves>
      <shelf name="read" exclusive="true"/>
      <shelf name="graphic-novels" exclusive="false" />
      <shelf name="horror" exclusive="false" />
      <shelf name="owned-books" exclusive="false" />
  </shelves>
  <recommended_for></recommended_for>
  <recommended_by></recommended_by>
  <started_at>Tue Jul 29 09:03:10 -0700 2014</started_at>
  <read_at>Tue Jul 29 21:59:19 -0700 2014</read_at>
  <date_added>Fri Jul 11 08:23:35 -0700 2014</date_added>
  <date_updated>Tue Jul 29 21:59:36 -0700 2014</date_updated>
  <read_count></read_count>
  <body>
      
  </body>
  <comments_count>0</comments_count>
  <url><![CDATA[https://www.goodreads.com/review/show/993042477]]></url>
  <link><![CDATA[https://www.goodreads.com/review/show/993042477]]></link>
    <owned>0</owned>
</review>

    <review>
  <id>798659957</id>
    <book>
  <id type="integer">13667</id>
  <isbn>141650964X</isbn>
  <isbn13>9781416509646</isbn13>
  <text_reviews_count type="integer">460</text_reviews_count>
  <title>The Farthest Shore (Earthsea Cycle, #3)</title>
  <image_url>https://s.gr-assets.com/assets/nophoto/book/111x148-6204a98ba2aba2d1aa07b9bea87124f8.png</image_url>
  <small_image_url>https://s.gr-assets.com/assets/nophoto/book/50x75-6121bf4c1f669098041843ec9650ca19.png</small_image_url>
  <large_image_url></large_image_url>
  <link>https://www.goodreads.com/book/show/13667.The_Farthest_Shore</link>
  <num_pages>259</num_pages>
  <format>Paperback</format>
  <edition_information></edition_information>
  <publisher>Gallery Books</publisher>
  <publication_day>1</publication_day>
  <publication_year>2004</publication_year>
  <publication_month>11</publication_month>
  <average_rating>4.08</average_rating>
  <ratings_count>47468</ratings_count>
  <description>Book Three of Ursula K. Le Guin's Earthsea Cycle Darkness threatens to overtake Earthsea: the world and its wizards are losing their magic. Despite being wearied with age, Ged Sparrowhawk -- Archmage, wizard, and dragonlord -- embarks on a daring, treacherous journey, accompanied by Enlad's young Prince Arren, to discover the reasons behind this devastating pattern of loss. Together they will sail to the farthest reaches of their world -- even beyond the realm of death -- as they seek to restore magic to a land desperately thirsty for it.&lt;br&gt;&lt;br&gt;With millions of copies sold worldwide, Ursula K. Le Guin's Earthsea Cycle has earned a treasured place on the shelves of fantasy lovers everywhere, alongside the works of such beloved authors as J. R. R. Tolkien and C. S. Lewis.</description>
<authors>
  <author>
    <id>874602</id>
    <name>Ursula K. Le Guin</name>
    <image_url><![CDATA[https://d.gr-assets.com/authors/1244291425p5/874602.jpg]]></image_url>
    <small_image_url><![CDATA[https://d.gr-assets.com/authors/1244291425p2/874602.jpg]]></small_image_url>
    <link><![CDATA[https://www.goodreads.com/author/show/874602.Ursula_K_Le_Guin]]></link>
    <average_rating>4.00</average_rating>
    <ratings_count>422286</ratings_count>
    <text_reviews_count>18500</text_reviews_count>
  </author>
</authors>
  <published>2004</published>
</book>



  <rating>5</rating>
  <votes>0</votes>
  <spoiler_flag>false</spoiler_flag>
  <spoilers_state>none</spoilers_state>
  <shelves>
      <shelf name="read" exclusive="true"/>
  </shelves>
  <recommended_for></recommended_for>
  <recommended_by></recommended_by>
  <started_at></started_at>
  <read_at></read_at>
  <date_added>Tue Dec 24 04:02:07 -0800 2013</date_added>
  <date_updated>Tue Dec 24 04:02:07 -0800 2013</date_updated>
  <read_count></read_count>
  <body>
      
  </body>
  <comments_count>0</comments_count>
  <url><![CDATA[https://www.goodreads.com/review/show/798659957]]></url>
  <link><![CDATA[https://www.goodreads.com/review/show/798659957]]></link>
    <owned>0</owned>
</review>

    <review>
  <id>768256568</id>
    <book>
  <id type="integer">5367</id>
  <isbn>0380809060</isbn>
  <isbn13>9780380809066</isbn13>
  <text_reviews_count type="integer">611</text_reviews_count>
  <title>The Great Book of Amber (The Chronicles of Amber, #1-10)</title>
  <image_url>https://d.gr-assets.com/books/1405254261m/5367.jpg</image_url>
  <small_image_url>https://d.gr-assets.com/books/1405254261s/5367.jpg</small_image_url>
  <large_image_url></large_image_url>
  <link>https://www.goodreads.com/book/show/5367.The_Great_Book_of_Amber</link>
  <num_pages>1258</num_pages>
  <format>Paperback</format>
  <edition_information></edition_information>
  <publisher>Harper Voyager</publisher>
  <publication_day>30</publication_day>
  <publication_year>2010</publication_year>
  <publication_month>3</publication_month>
  <average_rating>4.30</average_rating>
  <ratings_count>15065</ratings_count>
  <description>Roger Zelazny's Chronicles of Amber have earned their place as all-time classics of imaginative literature. Now here are all ten novels, together in one magnificent omnibus volume. Witness the titanic battle for supremacy waged on Earth, in the Courts of Chaos, and on a magical world of mystery, adventure, and romance.</description>
<authors>
  <author>
    <id>3619</id>
    <name>Roger Zelazny</name>
    <image_url><![CDATA[https://d.gr-assets.com/authors/1207671346p5/3619.jpg]]></image_url>
    <small_image_url><![CDATA[https://d.gr-assets.com/authors/1207671346p2/3619.jpg]]></small_image_url>
    <link><![CDATA[https://www.goodreads.com/author/show/3619.Roger_Zelazny]]></link>
    <average_rating>4.05</average_rating>
    <ratings_count>363742</ratings_count>
    <text_reviews_count>10512</text_reviews_count>
  </author>
</authors>
  <published>2010</published>
</book>



  <rating>5</rating>
  <votes>0</votes>
  <spoiler_flag>false</spoiler_flag>
  <spoilers_state>none</spoilers_state>
  <shelves>
      <shelf name="read" exclusive="true"/>
  </shelves>
  <recommended_for></recommended_for>
  <recommended_by></recommended_by>
  <started_at></started_at>
  <read_at></read_at>
  <date_added>Mon Nov 18 12:46:37 -0800 2013</date_added>
  <date_updated>Mon Nov 18 12:46:37 -0800 2013</date_updated>
  <read_count></read_count>
  <body>
      
  </body>
  <comments_count>0</comments_count>
  <url><![CDATA[https://www.goodreads.com/review/show/768256568]]></url>
  <link><![CDATA[https://www.goodreads.com/review/show/768256568]]></link>
    <owned>0</owned>
</review>

    <review>
  <id>941410690</id>
    <book>
  <id type="integer">16096800</id>
  <isbn>B008R96NIY</isbn>
  <isbn13 nil="true"></isbn13>
  <text_reviews_count type="integer">222</text_reviews_count>
  <title>The Sleepwalkers: How Europe Went to War in 1914</title>
  <image_url>https://d.gr-assets.com/books/1397081815m/16096800.jpg</image_url>
  <small_image_url>https://d.gr-assets.com/books/1397081815s/16096800.jpg</small_image_url>
  <large_image_url></large_image_url>
  <link>https://www.goodreads.com/book/show/16096800-the-sleepwalkers</link>
  <num_pages>682</num_pages>
  <format>Kindle Edition</format>
  <edition_information></edition_information>
  <publisher>Penguin</publisher>
  <publication_day>27</publication_day>
  <publication_year>2012</publication_year>
  <publication_month>9</publication_month>
  <average_rating>4.19</average_rating>
  <ratings_count>1322</ratings_count>
  <description>In "The Sleepwalkers" acclaimed historian and author of Iron Kingdom, Christopher Clark, examines the causes of the First World War. Sunday Times Books of the Year 2012. The moments that it took Gavrilo Princip to step forward to the stalled car and shoot dead Franz Ferdinand and his wife were perhaps the most fateful of the modern era. An act of terrorism of staggering efficiency, it fulfilled its every aim: it would liberate Bosnia from Habsburg rule and it created a powerful new Serbia, but it also brought down four great empires, killed millions of men and destroyed a civilization. What made a seemingly prosperous and complacent Europe so vulnerable to the impact of this assassination? In "The Sleepwalkers" Christopher Clark retells the story of the outbreak of the First World War and its causes. Drawing on many fresh new sources, this account reveals a Europe very different from the familiar picture, putting Serbia and the Balkans at the centre of the story. Starting with the brutal assassination of Alexander I of Serbia in 1903, Clark shows how, far from being the place of enviable stability it appears to us, Europe was racked by chronic problems: a multipolar, fractured, multicultural world of clashing ideals, terrorism, militancy and instability, which was, fatefully, saddled with a conspicuously ineffectual set of political leaders. He shows how the rulers of Europe, who prided themselves on their modernity and rationalism, behaved like sleepwalkers, stumbling through crisis after crisis and finally convincing themselves that war was the only answer. Reviews: "Formidable ...one of the most impressive and stimulating studies of the period ever published". (Max Hastings, "Sunday Times"). "The arguments [Clark] sets out in this quite superb account of the causes of the First World War are so compelling that they effectively consign the old historical consensus to the bin ...a masterpiece. It's not often that one has the privilege of reading a book that reforges our understanding of one of the seminal events of world history". ("Mail Online"). "Impeccably researched, provocatively argued and elegantly written, his book is a model of scholarship". ("Sunday Times", Books of the Year 2012). "A brilliant contribution". ("Times Higher Education"). "Clark is fully alive to the challenges of the subject. Planting himself at the contingent end of the spectrum, he prefers to establish how the war happened rather than to explain why by means of hindsight ...It is a refreshing approach. He provides vivid portraits of leading figures ...[He] also gives a rich sense of what contemporaries believed was at stake in the crises leading up to the war". ("Irish Times"). About the author: Christopher Clark is Professor of Modern History at the University of Cambridge and a Fellow of St Catharine's College. He is the author of "The Politics of Conversion", "Kaiser Wilhelm II" and "Iron Kingdom". Widely praised around the world, "Iron Kingdom" became a major bestseller. He has been awarded the Officer's Cross of the Order of Merit of the Federal Republic of Germany.</description>
<authors>
  <author>
    <id>7792163</id>
    <name>Christopher Munro Clark</name>
    <image_url><![CDATA[https://s.gr-assets.com/assets/nophoto/user/m_200x266-e1021c586c5c6da845174faa816a3406.png]]></image_url>
    <small_image_url><![CDATA[https://s.gr-assets.com/assets/nophoto/user/m_50x66-e89fc14c32a41c0eb4298dfafe929b65.png]]></small_image_url>
    <link><![CDATA[https://www.goodreads.com/author/show/7792163.Christopher_Munro_Clark]]></link>
    <average_rating>4.12</average_rating>
    <ratings_count>2543</ratings_count>
    <text_reviews_count>395</text_reviews_count>
  </author>
</authors>
  <published>2012</published>
</book>



  <rating>5</rating>
  <votes>0</votes>
  <spoiler_flag>false</spoiler_flag>
  <spoilers_state>none</spoilers_state>
  <shelves>
      <shelf name="read" exclusive="true"/>
      <shelf name="owned-books" exclusive="false" />
  </shelves>
  <recommended_for></recommended_for>
  <recommended_by></recommended_by>
  <started_at>Thu May 08 00:00:00 -0700 2014</started_at>
  <read_at>Mon May 19 19:13:54 -0700 2014</read_at>
  <date_added>Sun May 18 19:13:14 -0700 2014</date_added>
  <date_updated>Sun May 18 19:13:54 -0700 2014</date_updated>
  <read_count>1</read_count>
  <body>
      
  </body>
  <comments_count>0</comments_count>
  <url><![CDATA[https://www.goodreads.com/review/show/941410690]]></url>
  <link><![CDATA[https://www.goodreads.com/review/show/941410690]]></link>
    <owned>1</owned>
</review>

    <review>
  <id>762718978</id>
    <book>
  <id type="integer">28862</id>
  <isbn>0937832383</isbn>
  <isbn13>9780937832387</isbn13>
  <text_reviews_count type="integer">2037</text_reviews_count>
  <title>The Prince</title>
  <image_url>https://s.gr-assets.com/assets/nophoto/book/111x148-6204a98ba2aba2d1aa07b9bea87124f8.png</image_url>
  <small_image_url>https://s.gr-assets.com/assets/nophoto/book/50x75-6121bf4c1f669098041843ec9650ca19.png</small_image_url>
  <large_image_url></large_image_url>
  <link>https://www.goodreads.com/book/show/28862.The_Prince</link>
  <num_pages>140</num_pages>
  <format>Paperback</format>
  <edition_information></edition_information>
  <publisher>Dante University of America Press</publisher>
  <publication_day>1</publication_day>
  <publication_year>2003</publication_year>
  <publication_month>6</publication_month>
  <average_rating>3.72</average_rating>
  <ratings_count>112731</ratings_count>
  <description>THE PRINCE was written by Niccolo' Machiavelli in the 1500s. It has continued to be a best seller in many languages. Presently, it is translated into modern English, with illustrations by Benjamin Martinez and an Introduction by Adolph Cso.&lt;br&gt;&lt;br&gt;The Prince is a classic book that explores the attainment, maintenance, and utilization of political power in the western world. Machiavelli wrote The Prince to demonstrate his skill in the art of the state, presenting advice on how a prince might acquire and hold power. Machiavelli defended the notion of rule by force rather than by law. Accordingly, The Prince seems to rationalize a number of actions done solely to perpetuate power. It is an examination of power-its attainment, development, and successful use.</description>
<authors>
  <author>
    <id>16201</id>
    <name>Niccolò Machiavelli</name>
    <image_url><![CDATA[https://d.gr-assets.com/authors/1404048690p5/16201.jpg]]></image_url>
    <small_image_url><![CDATA[https://d.gr-assets.com/authors/1404048690p2/16201.jpg]]></small_image_url>
    <link><![CDATA[https://www.goodreads.com/author/show/16201.Niccol_Machiavelli]]></link>
    <average_rating>3.74</average_rating>
    <ratings_count>123768</ratings_count>
    <text_reviews_count>3410</text_reviews_count>
  </author>
</authors>
  <published>2003</published>
</book>



  <rating>5</rating>
  <votes>0</votes>
  <spoiler_flag>false</spoiler_flag>
  <spoilers_state>none</spoilers_state>
  <shelves>
      <shelf name="read" exclusive="true"/>
      <shelf name="owned-books" exclusive="false" />
  </shelves>
  <recommended_for></recommended_for>
  <recommended_by></recommended_by>
  <started_at></started_at>
  <read_at></read_at>
  <date_added>Mon Nov 11 18:43:34 -0800 2013</date_added>
  <date_updated>Mon Nov 11 18:43:34 -0800 2013</date_updated>
  <read_count></read_count>
  <body>
      
  </body>
  <comments_count>0</comments_count>
  <url><![CDATA[https://www.goodreads.com/review/show/762718978]]></url>
  <link><![CDATA[https://www.goodreads.com/review/show/762718978]]></link>
    <owned>0</owned>
</review>

    <review>
  <id>779540904</id>
    <book>
  <id type="integer">48044</id>
  <isbn>029270769X</isbn>
  <isbn13>9780292707696</isbn13>
  <text_reviews_count type="integer">121</text_reviews_count>
  <title>The Book of Merlyn (The Once and Future King, #5)</title>
  <image_url>https://s.gr-assets.com/assets/nophoto/book/111x148-6204a98ba2aba2d1aa07b9bea87124f8.png</image_url>
  <small_image_url>https://s.gr-assets.com/assets/nophoto/book/50x75-6121bf4c1f669098041843ec9650ca19.png</small_image_url>
  <large_image_url></large_image_url>
  <link>https://www.goodreads.com/book/show/48044.The_Book_of_Merlyn</link>
  <num_pages>160</num_pages>
  <format>Paperback</format>
  <edition_information></edition_information>
  <publisher>University of Texas Press</publisher>
  <publication_day>1</publication_day>
  <publication_year>1988</publication_year>
  <publication_month>1</publication_month>
  <average_rating>3.97</average_rating>
  <ratings_count>5439</ratings_count>
  <description>This magical account of King Arthur's last night on earth spent weeks on the New York Times best-seller list following its publication in 1977.&lt;br&gt;&lt;br&gt;Even in addressing the profound issues of war and peace, The Book of Merlyn retains the life and sparkle for which White is known. The tale brings Arthur full circle, an ending, White wrote, that "will turn my completed epic into a perfect fruit, 'rounded off and bright and done.'"</description>
<authors>
  <author>
    <id>426944</id>
    <name>T.H. White</name>
    <image_url><![CDATA[https://d.gr-assets.com/authors/1246071532p5/426944.jpg]]></image_url>
    <small_image_url><![CDATA[https://d.gr-assets.com/authors/1246071532p2/426944.jpg]]></small_image_url>
    <link><![CDATA[https://www.goodreads.com/author/show/426944.T_H_White]]></link>
    <average_rating>4.03</average_rating>
    <ratings_count>88426</ratings_count>
    <text_reviews_count>3335</text_reviews_count>
  </author>
</authors>
  <published>1988</published>
</book>



  <rating>5</rating>
  <votes>0</votes>
  <spoiler_flag>false</spoiler_flag>
  <spoilers_state>none</spoilers_state>
  <shelves>
      <shelf name="read" exclusive="true"/>
  </shelves>
  <recommended_for></recommended_for>
  <recommended_by></recommended_by>
  <started_at></started_at>
  <read_at></read_at>
  <date_added>Mon Dec 02 23:51:51 -0800 2013</date_added>
  <date_updated>Mon Dec 02 23:51:51 -0800 2013</date_updated>
  <read_count></read_count>
  <body>
      
  </body>
  <comments_count>0</comments_count>
  <url><![CDATA[https://www.goodreads.com/review/show/779540904]]></url>
  <link><![CDATA[https://www.goodreads.com/review/show/779540904]]></link>
    <owned>0</owned>
</review>

    <review>
  <id>764596502</id>
    <book>
  <id type="integer">10614</id>
  <isbn>0450417395</isbn>
  <isbn13>9780450417399</isbn13>
  <text_reviews_count type="integer">2678</text_reviews_count>
  <title>Misery</title>
  <image_url>https://d.gr-assets.com/books/1270545451m/10614.jpg</image_url>
  <small_image_url>https://d.gr-assets.com/books/1270545451s/10614.jpg</small_image_url>
  <large_image_url></large_image_url>
  <link>https://www.goodreads.com/book/show/10614.Misery</link>
  <num_pages>370</num_pages>
  <format>Paperback</format>
  <edition_information></edition_information>
  <publisher>New English Library</publisher>
  <publication_day>1</publication_day>
  <publication_year>1988</publication_year>
  <publication_month>11</publication_month>
  <average_rating>4.02</average_rating>
  <ratings_count>222083</ratings_count>
  <description>&lt;strong&gt;MISERY by Stephen King (BBC Radio Drama)&lt;/strong&gt;&lt;br&gt;&lt;br&gt;Paul Sheldon, a writer of historical romances, is in a car accident; rescued by nurse Annie Wilkes, he slowly realizes that salvation can be worse than death. Sheldon has killed off Misery Chastain, the popular protagonist of his Misery series and Annie, who has a murderous past, wants her back.&lt;br&gt;Written by Stephen King; Dramatised by Dirk Maggs. First broadcast on the BBC World Service, September 2004. &lt;br&gt;&lt;br&gt;What you are about to hear is an adaptation of the stage play, which premiered in London's West End. It stars 2 of Britain's finest actors: Miriam Margoyles, perhaps best-known as the dog Fly in the film "Babe" and the nurse in "Romeo and Juliette" and Nicholas Farrell, whose films include "Chariots of Fire" and "Pearl Harbor".</description>
<authors>
  <author>
    <id>3389</id>
    <name>Stephen King</name>
    <image_url><![CDATA[https://d.gr-assets.com/authors/1362814142p5/3389.jpg]]></image_url>
    <small_image_url><![CDATA[https://d.gr-assets.com/authors/1362814142p2/3389.jpg]]></small_image_url>
    <link><![CDATA[https://www.goodreads.com/author/show/3389.Stephen_King]]></link>
    <average_rating>3.95</average_rating>
    <ratings_count>6413183</ratings_count>
    <text_reviews_count>197809</text_reviews_count>
  </author>
</authors>
  <published>1988</published>
</book>



  <rating>5</rating>
  <votes>0</votes>
  <spoiler_flag>false</spoiler_flag>
  <spoilers_state>none</spoilers_state>
  <shelves>
      <shelf name="read" exclusive="true"/>
      <shelf name="owned-books" exclusive="false" />
  </shelves>
  <recommended_for></recommended_for>
  <recommended_by></recommended_by>
  <started_at></started_at>
  <read_at></read_at>
  <date_added>Thu Nov 14 05:06:33 -0800 2013</date_added>
  <date_updated>Fri Nov 15 13:57:16 -0800 2013</date_updated>
  <read_count></read_count>
  <body>
      
  </body>
  <comments_count>0</comments_count>
  <url><![CDATA[https://www.goodreads.com/review/show/764596502]]></url>
  <link><![CDATA[https://www.goodreads.com/review/show/764596502]]></link>
    <owned>0</owned>
</review>

    <review>
  <id>765906425</id>
    <book>
  <id type="integer">23807</id>
  <isbn>0099446782</isbn>
  <isbn13>9780099446781</isbn13>
  <text_reviews_count type="integer">1749</text_reviews_count>
  <title>The Silence of the Lambs  (Hannibal Lecter, #2)</title>
  <image_url>https://d.gr-assets.com/books/1390426249m/23807.jpg</image_url>
  <small_image_url>https://d.gr-assets.com/books/1390426249s/23807.jpg</small_image_url>
  <large_image_url></large_image_url>
  <link>https://www.goodreads.com/book/show/23807.The_Silence_of_the_Lambs</link>
  <num_pages>338</num_pages>
  <format>Paperback</format>
  <edition_information></edition_information>
  <publisher>Arrow</publisher>
  <publication_day></publication_day>
  <publication_year>2002</publication_year>
  <publication_month></publication_month>
  <average_rating>4.05</average_rating>
  <ratings_count>274274</ratings_count>
  <description>There's a killer on the loose who knows that beauty is only skin deep, and a trainee investigator who's trying to save her own hide. The only man that can help is locked in an asylum. But he's willing to put a brave face on - if it will help him escape.</description>
<authors>
  <author>
    <id>12455</id>
    <name>Thomas Harris</name>
    <image_url><![CDATA[https://d.gr-assets.com/authors/1194544741p5/12455.jpg]]></image_url>
    <small_image_url><![CDATA[https://d.gr-assets.com/authors/1194544741p2/12455.jpg]]></small_image_url>
    <link><![CDATA[https://www.goodreads.com/author/show/12455.Thomas_Harris]]></link>
    <average_rating>3.95</average_rating>
    <ratings_count>466920</ratings_count>
    <text_reviews_count>6612</text_reviews_count>
  </author>
</authors>
  <published>2002</published>
</book>



  <rating>5</rating>
  <votes>0</votes>
  <spoiler_flag>false</spoiler_flag>
  <spoilers_state>none</spoilers_state>
  <shelves>
      <shelf name="read" exclusive="true"/>
  </shelves>
  <recommended_for></recommended_for>
  <recommended_by></recommended_by>
  <started_at></started_at>
  <read_at></read_at>
  <date_added>Fri Nov 15 13:54:00 -0800 2013</date_added>
  <date_updated>Fri Nov 15 13:56:40 -0800 2013</date_updated>
  <read_count></read_count>
  <body>
      
  </body>
  <comments_count>0</comments_count>
  <url><![CDATA[https://www.goodreads.com/review/show/765906425]]></url>
  <link><![CDATA[https://www.goodreads.com/review/show/765906425]]></link>
    <owned>0</owned>
</review>

    <review>
  <id>766132445</id>
    <book>
  <id type="integer">16078215</id>
  <isbn nil="true"></isbn>
  <isbn13 nil="true"></isbn13>
  <text_reviews_count type="integer">432</text_reviews_count>
  <title>The Ocean at the End of the Lane</title>
  <image_url>https://d.gr-assets.com/books/1359526968m/16078215.jpg</image_url>
  <small_image_url>https://d.gr-assets.com/books/1359526968s/16078215.jpg</small_image_url>
  <large_image_url></large_image_url>
  <link>https://www.goodreads.com/book/show/16078215-the-ocean-at-the-end-of-the-lane</link>
  <num_pages>246</num_pages>
  <format>Kindle Edition</format>
  <edition_information></edition_information>
  <publisher>William Morrow</publisher>
  <publication_day>18</publication_day>
  <publication_year>2013</publication_year>
  <publication_month>6</publication_month>
  <average_rating>4.00</average_rating>
  <ratings_count>151279</ratings_count>
  <description>Sussex, England. A middle-aged man returns to his childhood home to attend a funeral. Although the house he lived in is long gone, he is drawn to the farm at the end of the road, where, when he was seven, he encountered a most remarkable girl, Lettie Hempstock, and her mother and grandmother. He hasn't thought of Lettie in decades, and yet as he sits by the pond (a pond that she'd claimed was an ocean) behind the ramshackle old farmhouse, the unremembered past comes flooding back. And it is a past too strange, too frightening, too dangerous to have happened to anyone, let alone a small boy.&lt;br&gt;&lt;br&gt;Forty years earlier, a man committed suicide in a stolen car at this farm at the end of the road. Like a fuse on a firework, his death lit a touchpaper and resonated in unimaginable ways. The darkness was unleashed, something scary and thoroughly incomprehensible to a little boy. And Lettie—magical, comforting, wise beyond her years—promised to protect him, no matter what.&lt;br&gt;&lt;br&gt;A groundbreaking work from a master, The Ocean at the End of the Lane is told with a rare understanding of all that makes us human, and shows the power of stories to reveal and shelter us from the darkness inside and out. It is a stirring, terrifying, and elegiac fable as delicate as a butterfly's wing and as menacing as a knife in the dark</description>
<authors>
  <author>
    <id>1221698</id>
    <name>Neil Gaiman</name>
    <image_url><![CDATA[https://d.gr-assets.com/authors/1234150163p5/1221698.jpg]]></image_url>
    <small_image_url><![CDATA[https://d.gr-assets.com/authors/1234150163p2/1221698.jpg]]></small_image_url>
    <link><![CDATA[https://www.goodreads.com/author/show/1221698.Neil_Gaiman]]></link>
    <average_rating>4.13</average_rating>
    <ratings_count>2477966</ratings_count>
    <text_reviews_count>135775</text_reviews_count>
  </author>
</authors>
  <published>2013</published>
</book>



  <rating>5</rating>
  <votes>0</votes>
  <spoiler_flag>false</spoiler_flag>
  <spoilers_state>none</spoilers_state>
  <shelves>
      <shelf name="read" exclusive="true"/>
      <shelf name="fantasy" exclusive="false" />
      <shelf name="weird-fantasy" exclusive="false" />
      <shelf name="owned-books" exclusive="false" />
      <shelf name="favorites" exclusive="false" />
  </shelves>
  <recommended_for></recommended_for>
  <recommended_by></recommended_by>
  <started_at>Sun Jun 01 00:00:00 -0700 2014</started_at>
  <read_at>Tue Jun 03 00:00:00 -0700 2014</read_at>
  <date_added>Fri Nov 15 19:54:58 -0800 2013</date_added>
  <date_updated>Sun Jun 08 14:49:32 -0700 2014</date_updated>
  <read_count>1</read_count>
  <body>
      <![CDATA[Gaiman's book is a rare treat and really marks him as one of the premier fantasy authors of our time. And when I say fantasy, I mean fantasy.<br /><br />The Ocean at the End of the Lane is a construct, formed of truely original thought, <br /><br /><br />plains and beings, that exists way beyond our understanding of the conce...]]>
  </body>
  <comments_count>0</comments_count>
  <url><![CDATA[https://www.goodreads.com/review/show/766132445]]></url>
  <link><![CDATA[https://www.goodreads.com/review/show/766132445]]></link>
    <owned>1</owned>
</review>

    <review>
  <id>956451987</id>
    <book>
  <id type="integer">14061795</id>
  <isbn nil="true"></isbn>
  <isbn13>9783518062142</isbn13>
  <text_reviews_count type="integer">3</text_reviews_count>
  <title>Zur Verfassung Europas: Ein Essay</title>
  <image_url>https://d.gr-assets.com/books/1341748403m/14061795.jpg</image_url>
  <small_image_url>https://d.gr-assets.com/books/1341748403s/14061795.jpg</small_image_url>
  <large_image_url></large_image_url>
  <link>https://www.goodreads.com/book/show/14061795-zur-verfassung-europas</link>
  <num_pages>138</num_pages>
  <format>Paperback</format>
  <edition_information>Edition Suhrkamp</edition_information>
  <publisher>Suhrkamp</publisher>
  <publication_day></publication_day>
  <publication_year>2011</publication_year>
  <publication_month></publication_month>
  <average_rating>4.14</average_rating>
  <ratings_count>22</ratings_count>
  <description></description>
<authors>
  <author>
    <id>31386</id>
    <name>Jürgen Habermas</name>
    <image_url><![CDATA[https://d.gr-assets.com/authors/1257210329p5/31386.jpg]]></image_url>
    <small_image_url><![CDATA[https://d.gr-assets.com/authors/1257210329p2/31386.jpg]]></small_image_url>
    <link><![CDATA[https://www.goodreads.com/author/show/31386.J_rgen_Habermas]]></link>
    <average_rating>3.79</average_rating>
    <ratings_count>4392</ratings_count>
    <text_reviews_count>194</text_reviews_count>
  </author>
</authors>
  <published>2011</published>
</book>



  <rating>5</rating>
  <votes>0</votes>
  <spoiler_flag>false</spoiler_flag>
  <spoilers_state>none</spoilers_state>
  <shelves>
      <shelf name="read" exclusive="true"/>
  </shelves>
  <recommended_for></recommended_for>
  <recommended_by></recommended_by>
  <started_at>Thu May 29 00:00:00 -0700 2014</started_at>
  <read_at>Tue Jun 03 06:52:23 -0700 2014</read_at>
  <date_added>Tue Jun 03 06:50:32 -0700 2014</date_added>
  <date_updated>Tue Jun 03 06:52:23 -0700 2014</date_updated>
  <read_count>2</read_count>
  <body>
      
  </body>
  <comments_count>0</comments_count>
  <url><![CDATA[https://www.goodreads.com/review/show/956451987]]></url>
  <link><![CDATA[https://www.goodreads.com/review/show/956451987]]></link>
    <owned>1</owned>
</review>

    <review>
  <id>822921186</id>
    <book>
  <id type="integer">13609842</id>
  <isbn>1606903411</isbn>
  <isbn13>9781606903414</isbn13>
  <text_reviews_count type="integer">34</text_reviews_count>
  <title>The Boys, Volume 11: Over the Hills with the Swords of a Thousand Men</title>
  <image_url>https://d.gr-assets.com/books/1334929437m/13609842.jpg</image_url>
  <small_image_url>https://d.gr-assets.com/books/1334929437s/13609842.jpg</small_image_url>
  <large_image_url></large_image_url>
  <link>https://www.goodreads.com/book/show/13609842-the-boys-volume-11</link>
  <num_pages>144</num_pages>
  <format>Paperback</format>
  <edition_information></edition_information>
  <publisher>Dynamite Entertainment</publisher>
  <publication_day>3</publication_day>
  <publication_year>2012</publication_year>
  <publication_month>7</publication_month>
  <average_rating>4.22</average_rating>
  <ratings_count>668</ratings_count>
  <description>It's been a long time coming, but Billy Butcher's revenge on his wife's killer is about to be realized - if he can only get his hands on the bastard. The Boys prepare for one last terrible battle, as the Homelander finally bites the bullet and sets an army of superheroes against the forces of the United States military. Battle rages at the White House, Frenchie and the Female are unleashed, and Hughie faces his own terrors... while MM, patient to the last, races against time to uncover the greatest and most dreadful secret of Vought-American's superhero program. Butcher steps willingly into the jaws of death, alone and unafraid: but what he finds waiting for him is beyond even his darkest dreams. The Boys, Vol. 11: Over the Hill with the Swords of a Thousand Men collects issues 60-65 of the hit series The Boys by Garth Ennis, Russ Braun, John McCrea, Keith Burns and Darick Robertson, and features all of the covers by Darick Robertson!</description>
<authors>
  <author>
    <id>14965</id>
    <name>Garth Ennis</name>
    <image_url><![CDATA[https://d.gr-assets.com/authors/1242438038p5/14965.jpg]]></image_url>
    <small_image_url><![CDATA[https://d.gr-assets.com/authors/1242438038p2/14965.jpg]]></small_image_url>
    <link><![CDATA[https://www.goodreads.com/author/show/14965.Garth_Ennis]]></link>
    <average_rating>4.18</average_rating>
    <ratings_count>230803</ratings_count>
    <text_reviews_count>5221</text_reviews_count>
  </author>
</authors>
  <published>2012</published>
</book>



  <rating>5</rating>
  <votes>0</votes>
  <spoiler_flag>false</spoiler_flag>
  <spoilers_state>none</spoilers_state>
  <shelves>
      <shelf name="read" exclusive="true"/>
  </shelves>
  <recommended_for></recommended_for>
  <recommended_by></recommended_by>
  <started_at>Mon Jan 13 00:00:00 -0800 2014</started_at>
  <read_at>Tue Jan 14 22:03:47 -0800 2014</read_at>
  <date_added>Mon Jan 13 19:57:53 -0800 2014</date_added>
  <date_updated>Mon Jan 13 22:03:47 -0800 2014</date_updated>
  <read_count></read_count>
  <body>
      
  </body>
  <comments_count>0</comments_count>
  <url><![CDATA[https://www.goodreads.com/review/show/822921186]]></url>
  <link><![CDATA[https://www.goodreads.com/review/show/822921186]]></link>
    <owned>1</owned>
</review>

    <review>
  <id>764341820</id>
    <book>
  <id type="integer">25698</id>
  <isbn>0553585975</isbn>
  <isbn13>9780553585971</isbn13>
  <text_reviews_count type="integer">299</text_reviews_count>
  <title>The Wealth of Nations: An Inquiry into the Nature &amp; Causes of the Wealth of Nations</title>
  <image_url>https://s.gr-assets.com/assets/nophoto/book/111x148-6204a98ba2aba2d1aa07b9bea87124f8.png</image_url>
  <small_image_url>https://s.gr-assets.com/assets/nophoto/book/50x75-6121bf4c1f669098041843ec9650ca19.png</small_image_url>
  <large_image_url></large_image_url>
  <link>https://www.goodreads.com/book/show/25698.The_Wealth_of_Nations</link>
  <num_pages>1264</num_pages>
  <format>Paperback</format>
  <edition_information></edition_information>
  <publisher>Bantam Classics</publisher>
  <publication_day>4</publication_day>
  <publication_year>2003</publication_year>
  <publication_month>3</publication_month>
  <average_rating>3.82</average_rating>
  <ratings_count>13698</ratings_count>
  <description>An Inquiry into the Nature &amp;amp; Causes of the Wealth of Nations influenced a broad range of thinkers from David Ricardo to Karl Marx. Smith stresses the importance of the division of labor to economic progress. Opposing mercantilist monopolism, he offers a theoretical &amp;amp; historical case for free trade. &lt;br&gt; Five editions appeared before his 1790 death: 1776, 1778, 1784, 1786 &amp;amp; 1789. Edwin Cannan's team collated the 1st five. The differences were published with a 6th edition in 1904. They found numerous minor differences between the 1st &amp;amp; 2nd editions, both of which were published in two volumes. Differences between the 2nd &amp;amp; 3rd editions are major. Smith annexed these 1st two editions with the 1784 publication of Additions &amp;amp; Corrections to the 1st &amp;amp; 2nd Editions of Dr Adam Smith’s Inquiry into the Nature &amp;amp; Causes of the Wealth of Nations. He also published a 3-volume 3rd edition, incorporating Additions &amp;amp; Corrections &amp;amp; the 1st index. Additions &amp;amp; Corrections included entirely new sections. A 4th edition of 1786 had only slight differences from the 3rd. Smith notes in the opening Advertisement, "I have made no alterations of any kind." Cannan notes trivial differences between the 4th &amp;amp; 5th editions— misprints being removed from the 4th, different misprints being introduced.</description>
<authors>
  <author>
    <id>14424</id>
    <name>Adam Smith</name>
    <image_url><![CDATA[https://d.gr-assets.com/authors/1244624882p5/14424.jpg]]></image_url>
    <small_image_url><![CDATA[https://d.gr-assets.com/authors/1244624882p2/14424.jpg]]></small_image_url>
    <link><![CDATA[https://www.goodreads.com/author/show/14424.Adam_Smith]]></link>
    <average_rating>3.84</average_rating>
    <ratings_count>16344</ratings_count>
    <text_reviews_count>567</text_reviews_count>
  </author>
</authors>
  <published>2003</published>
</book>



  <rating>5</rating>
  <votes>0</votes>
  <spoiler_flag>false</spoiler_flag>
  <spoilers_state>none</spoilers_state>
  <shelves>
      <shelf name="read" exclusive="true"/>
      <shelf name="owned-books" exclusive="false" />
  </shelves>
  <recommended_for></recommended_for>
  <recommended_by></recommended_by>
  <started_at></started_at>
  <read_at></read_at>
  <date_added>Wed Nov 13 18:48:34 -0800 2013</date_added>
  <date_updated>Wed Nov 13 18:48:34 -0800 2013</date_updated>
  <read_count></read_count>
  <body>
      
  </body>
  <comments_count>0</comments_count>
  <url><![CDATA[https://www.goodreads.com/review/show/764341820]]></url>
  <link><![CDATA[https://www.goodreads.com/review/show/764341820]]></link>
    <owned>0</owned>
</review>

    <review>
  <id>765600268</id>
    <book>
  <id type="integer">33484</id>
  <isbn>0345461533</isbn>
  <isbn13>9780345461537</isbn13>
  <text_reviews_count type="integer">54</text_reviews_count>
  <title>The Conquering Sword of Conan (Conan the Cimmerian, #3)</title>
  <image_url>https://s.gr-assets.com/assets/nophoto/book/111x148-6204a98ba2aba2d1aa07b9bea87124f8.png</image_url>
  <small_image_url>https://s.gr-assets.com/assets/nophoto/book/50x75-6121bf4c1f669098041843ec9650ca19.png</small_image_url>
  <large_image_url></large_image_url>
  <link>https://www.goodreads.com/book/show/33484.The_Conquering_Sword_of_Conan</link>
  <num_pages></num_pages>
  <format></format>
  <edition_information></edition_information>
  <publisher></publisher>
  <publication_day></publication_day>
  <publication_year></publication_year>
  <publication_month></publication_month>
  <average_rating>4.33</average_rating>
  <ratings_count>2378</ratings_count>
  <description></description>
<authors>
  <author>
    <id>66700</id>
    <name>Robert E. Howard</name>
    <image_url><![CDATA[https://d.gr-assets.com/authors/1210954603p5/66700.jpg]]></image_url>
    <small_image_url><![CDATA[https://d.gr-assets.com/authors/1210954603p2/66700.jpg]]></small_image_url>
    <link><![CDATA[https://www.goodreads.com/author/show/66700.Robert_E_Howard]]></link>
    <average_rating>4.09</average_rating>
    <ratings_count>57212</ratings_count>
    <text_reviews_count>2398</text_reviews_count>
  </author>
</authors>
  <published></published>
</book>



  <rating>5</rating>
  <votes>0</votes>
  <spoiler_flag>false</spoiler_flag>
  <spoilers_state>none</spoilers_state>
  <shelves>
      <shelf name="read" exclusive="true"/>
      <shelf name="owned-books" exclusive="false" />
  </shelves>
  <recommended_for></recommended_for>
  <recommended_by></recommended_by>
  <started_at></started_at>
  <read_at></read_at>
  <date_added>Fri Nov 15 05:08:33 -0800 2013</date_added>
  <date_updated>Fri Nov 15 05:08:33 -0800 2013</date_updated>
  <read_count></read_count>
  <body>
      
  </body>
  <comments_count>0</comments_count>
  <url><![CDATA[https://www.goodreads.com/review/show/765600268]]></url>
  <link><![CDATA[https://www.goodreads.com/review/show/765600268]]></link>
    <owned>0</owned>
</review>

</reviews>

</GoodreadsResponse>