Amanda Kozlowski	Life After Life	5.0
Amanda Kozlowski	The Fault in Our Stars	5.0
Amanda Kozlowski	Heft	5.0
Amanda Kozlowski	The Wise Man's Fear (The Kingkiller Chronicle, #2)	5.0
Amanda Kozlowski	Unbroken: A World War II Story of Survival, Resilience, and Redemption	5.0
Amanda Kozlowski	Under the Banner of Heaven: A Story of Violent Faith	5.0
Amanda Kozlowski	Brave New World	5.0
Amanda Kozlowski	Room	5.0
Amanda Kozlowski	Bright Shiny Morning	5.0
Amanda Kozlowski	Water for Elephants	5.0
Amanda Kozlowski	What Is the What	5.0
Amanda Kozlowski	The Beatles: The Biography	5.0
Amanda Kozlowski	The Giving Tree	5.0
Amanda Kozlowski	Fahrenheit 451	5.0
Amanda Kozlowski	The Perks of Being a Wallflower	5.0
Amanda Kozlowski	1984	5.0
Amanda Kozlowski	The Giver (The Giver Quartet, #1)	5.0
Amanda Kozlowski	Ender's Game (Ender's Saga, #1)	4.0
Amanda Kozlowski	Kitchen Confidential: Adventures in the Culinary Underbelly	4.0
Amanda Kozlowski	Wave	4.0
Amanda Kozlowski	Is Everyone Hanging Out Without Me?	4.0
Amanda Kozlowski	A Storm of Swords (A Song of Ice and Fire, #3)	4.0
Amanda Kozlowski	A Clash of Kings (A Song of Ice and Fire, #2)	4.0
Amanda Kozlowski	A Game of Thrones (A Song of Ice and Fire, #1)	4.0
Amanda Kozlowski	The Name of the Wind (The Kingkiller Chronicle, #1)	4.0
Amanda Kozlowski	Dress Your Family in Corduroy and Denim	4.0
Amanda Kozlowski	In the Garden of Beasts: Love, Terror, and an American Family in Hitler's Berlin	4.0
Amanda Kozlowski	The Devil in the White City: Murder, Magic, and Madness at the Fair that Changed America	4.0
Amanda Kozlowski	The Hunger Games (The Hunger Games #1)	4.0
Amanda Kozlowski	Half Broke Horses	4.0
Amanda Kozlowski	Harry Potter and the Order of the Phoenix (Harry Potter, #5)	4.0
Amanda Kozlowski	Harry Potter and the Goblet of Fire (Harry Potter, #4)	4.0
Amanda Kozlowski	Harry Potter and the Half-Blood Prince (Harry Potter, #6)	4.0
Amanda Kozlowski	Harry Potter and the Deathly Hallows (Harry Potter, #7)	4.0
Amanda Kozlowski	One Flew Over the Cuckoo's Nest	4.0
Amanda Kozlowski	Life of Pi	4.0
Amanda Kozlowski	Never Let Me Go	4.0
Amanda Kozlowski	Into Thin Air: A Personal Account of the Mt. Everest Disaster	4.0
Amanda Kozlowski	Memoirs of a Geisha	4.0
Amanda Kozlowski	City of Thieves	4.0
Amanda Kozlowski	When We Were Romans	4.0
Amanda Kozlowski	The Catcher in the Rye	4.0
Amanda Kozlowski	Into the Wild	4.0
Amanda Kozlowski	The Glass Castle	4.0
Amanda Kozlowski	Twilight (Twilight, #1)	4.0
Amanda Kozlowski	On the Road	4.0
Amanda Kozlowski	The Road	4.0
Amanda Kozlowski	Relentless Pursuit: A Year in the Trenches with Teach for America	4.0
Amanda Kozlowski	Then We Came to the End	4.0
Amanda Kozlowski	A Million Little Pieces	4.0
Amanda Kozlowski	The Curious Incident of the Dog in the Night-Time	4.0
Amanda Kozlowski	The Namesake	4.0
Amanda Kozlowski	Me Talk Pretty One Day	4.0
Amanda Kozlowski	A Heartbreaking Work of Staggering Genius	4.0
Amanda Kozlowski	Harry Potter and the Sorcerer's Stone (Harry Potter, #1)	4.0
Amanda Kozlowski	Jane Eyre	4.0
Amanda Kozlowski	The Diary of a Young Girl	4.0
Amanda Kozlowski	Lord of the Flies	4.0
Amanda Kozlowski	Emma	4.0
Amanda Kozlowski	Harry Potter and the Chamber of Secrets (Harry Potter, #2)	4.0
Amanda Kozlowski	Pride and Prejudice	4.0
Amanda Kozlowski	Harry Potter and the Prisoner of Azkaban (Harry Potter, #3)	4.0
Amanda Kozlowski	The Pianist	4.0
Amanda Kozlowski	Cyrano De Bergerac	4.0
Amanda Kozlowski	Lolita	4.0
Amanda Kozlowski	Animal Farm	4.0
Amanda Kozlowski	Slaughterhouse-Five	4.0
Amanda Kozlowski	The Great Gatsby	4.0
Amanda Kozlowski	To Kill a Mockingbird	4.0
Amanda Kozlowski	Sense and Sensibility	4.0
Amanda Kozlowski	The Rule Of Four	4.0
Amanda Kozlowski	The Places in Between	4.0
Amanda Kozlowski	The Lexus and the Olive Tree: Understanding Globalization	4.0
Amanda Kozlowski	The World Is Flat: A Brief History of the Twenty-first Century	4.0
Amanda Kozlowski	In Cold Blood	4.0
Amanda Kozlowski	Middlesex	4.0
Amanda Kozlowski	Everything Is Illuminated	4.0
Amanda Kozlowski	The Knife of Never Letting Go (Chaos Walking, #1)	3.0
Amanda Kozlowski	Let's Explore Diabetes with Owls	3.0
Amanda Kozlowski	Speaker for the Dead (Ender's Saga, #2)	3.0
Amanda Kozlowski	Gone Girl	3.0
Amanda Kozlowski	11/22/63	3.0
Amanda Kozlowski	The Book Thief	3.0
Amanda Kozlowski	The Picture of Dorian Gray	3.0
Amanda Kozlowski	Where Men Win Glory: The Odyssey of Pat Tillman	3.0
Amanda Kozlowski	Catching Fire (The Hunger Games, #2)	3.0
Amanda Kozlowski	Don't Let's Go to the Dogs Tonight	3.0
Amanda Kozlowski	The Lovely Bones	3.0
Amanda Kozlowski	All Quiet on the Western Front	3.0
Amanda Kozlowski	Bel Canto	3.0
Amanda Kozlowski	When Things Get Dark: A Mongolian Winter's Tale	3.0
Amanda Kozlowski	The Girl with the Dragon Tattoo (Millennium, #1)	3.0
Amanda Kozlowski	In Defense of Food: An Eater's Manifesto	3.0
Amanda Kozlowski	Censoring an Iranian Love Story	3.0
Amanda Kozlowski	All the Pretty Horses (The Border Trilogy, #1)	3.0
Amanda Kozlowski	Breaking Dawn (Twilight, #4)	3.0
Amanda Kozlowski	Eclipse (Twilight, #3)	3.0
Amanda Kozlowski	New Moon (Twilight, #2)	3.0
Amanda Kozlowski	Franny and Zooey	3.0
Amanda Kozlowski	The Lords of Discipline	3.0
Amanda Kozlowski	Running with Scissors	3.0
Amanda Kozlowski	Cat's Cradle	3.0
Amanda Kozlowski	Savage Inequalities: Children in America's Schools	3.0
Amanda Kozlowski	The Da Vinci Code (Robert Langdon, #2)	3.0
Amanda Kozlowski	Nickel and Dimed: On (Not) Getting By in America	3.0
Amanda Kozlowski	Romeo and Juliet	3.0
Amanda Kozlowski	The Adventures of Huckleberry Finn	3.0
Amanda Kozlowski	Eats, Shoots & Leaves: The Zero Tolerance Approach to Punctuation	3.0
Amanda Kozlowski	Extremely Loud and Incredibly Close	3.0
Amanda Kozlowski	The Travels of A T-Shirt in the Global Economy: An Economist Examines the Markets, Power, and Politics of World Trade	3.0
Amanda Kozlowski	Shadow of Night (All Souls Trilogy, #2)	2.0
Amanda Kozlowski	A Discovery of Witches (All Souls Trilogy, #1)	2.0
Amanda Kozlowski	Defending Jacob	2.0
Amanda Kozlowski	Let's Pretend This Never Happened: A Mostly True Memoir	2.0
Amanda Kozlowski	And the Band Played On: Politics, People, and the AIDS Epidemic	2.0
Amanda Kozlowski	Before I Go To Sleep	2.0
Amanda Kozlowski	Reading Lolita in Tehran	2.0
Amanda Kozlowski	Mockingjay (The Hunger Games, #3)	2.0
Amanda Kozlowski	The Girl Who Played with Fire (Millennium, #2)	2.0
Amanda Kozlowski	A Corpse in the Koryo (Inspector O, #1)	2.0
Amanda Kozlowski	Pygmy	2.0
Amanda Kozlowski	The Time Traveler's Wife	2.0
Amanda Kozlowski	The Inheritance of Loss	2.0
Amanda Kozlowski	The Notebook	2.0
Amanda Kozlowski	Banker to the Poor: Micro-Lending and the Battle Against World Poverty	2.0
Amanda Kozlowski	Life	1.0
Amanda Kozlowski	The Kite Runner	1.0
Amanda Kozlowski	The Plot Against America	1.0
Benjamin Bengfort	Spin	5.0
Benjamin Bengfort	Speaker for the Dead (Ender's Saga, #2)	5.0
Benjamin Bengfort	Dauntless (The Lost Fleet, #1)	5.0
Benjamin Bengfort	The Last Colony	5.0
Benjamin Bengfort	Old Man's War	5.0
Benjamin Bengfort	Earth Below, Sky Above (The Human Division, #13)	5.0
Benjamin Bengfort	The Gentle Art of Cracking Heads (The Human Division, #12)	5.0
Benjamin Bengfort	A Problem of Proportion (The Human Division, #11)	5.0
Benjamin Bengfort	This Must Be the Place (The Human Division, #10)	5.0
Benjamin Bengfort	The Sound of Rebellion (The Human Division, #8)	5.0
Benjamin Bengfort	Tales From the Clarke (The Human Division, #5)	5.0
Benjamin Bengfort	A Voice in the Wilderness (The Human Division, #4)	5.0
Benjamin Bengfort	The Observers (The Human Division, #9)	5.0
Benjamin Bengfort	We Only Need the Heads (The Human Division, #3)	5.0
Benjamin Bengfort	The Dog King (The Human Division, #7)	5.0
Benjamin Bengfort	The Back Channel (The Human Division, #6)	5.0
Benjamin Bengfort	Walk the Plank (The Human Division, #2)	5.0
Benjamin Bengfort	The B-Team (The Human Division, #1)	5.0
Benjamin Bengfort	The Second Ship	5.0
Benjamin Bengfort	Nexus (Nexus, #1)	5.0
Benjamin Bengfort	Cryptonomicon	5.0
Benjamin Bengfort	Learning Python: Powerful Object-Oriented Programming	5.0
Benjamin Bengfort	Programming Python	5.0
Benjamin Bengfort	JavaScript Patterns	5.0
Benjamin Bengfort	Anathem	5.0
Benjamin Bengfort	The Fall of Hyperion (Hyperion Cantos, #2)	5.0
Benjamin Bengfort	Pandora's Star (Commonwealth Saga, #1)	5.0
Benjamin Bengfort	1Q84	5.0
Benjamin Bengfort	Pattern Recognition (Blue Ant, #1)	5.0
Benjamin Bengfort	Programming Pearls	5.0
Benjamin Bengfort	In the Plex: How Google Thinks, Works, and Shapes Our Lives	5.0
Benjamin Bengfort	Heaven's Net is Wide (Tales of the Otori, #0)	5.0
Benjamin Bengfort	Noble House	5.0
Benjamin Bengfort	Shōgun	5.0
Benjamin Bengfort	Hyperion (Hyperion Cantos, #1)	5.0
Benjamin Bengfort	The Structure of Scientific Revolutions	5.0
Benjamin Bengfort	The Disappearing Spoon: And Other True Tales of Madness, Love, and the History of the World from the Periodic Table of the Elements	5.0
Benjamin Bengfort	The Windup Girl	5.0
Benjamin Bengfort	For the Win	5.0
Benjamin Bengfort	The Postman Always Rings Twice	5.0
Benjamin Bengfort	Daemon (Daemon, #1)	5.0
Benjamin Bengfort	Freedom (TM) (TM) (Daemon, #2)	5.0
Benjamin Bengfort	Robopocalypse	5.0
Benjamin Bengfort	Ready Player One	5.0
Benjamin Bengfort	The Forever War (The Forever War, #1)	5.0
Benjamin Bengfort	The Magician King (The Magicians, #2)	5.0
Benjamin Bengfort	The Oracle of Stamboul	5.0
Benjamin Bengfort	A Reliable Wife	5.0
Benjamin Bengfort	Pro Django	5.0
Benjamin Bengfort	The Grapes of Wrath	4.0
Benjamin Bengfort	Little Brother (Little Brother, #1)	4.0
Benjamin Bengfort	The Human Division (Old Man's War, #5)	4.0
Benjamin Bengfort	Xenocide (Ender's Saga, #3)	4.0
Benjamin Bengfort	The Wretched of Muirwood	4.0
Benjamin Bengfort	The Scourge of Muirwood	4.0
Benjamin Bengfort	Fearless (The Lost Fleet, #2)	4.0
Benjamin Bengfort	Zoe's Tale	4.0
Benjamin Bengfort	The Ghost Brigades	4.0
Benjamin Bengfort	Terms of Enlistment	4.0
Benjamin Bengfort	The Legend of Earth (The Human Chronicles, #5)	4.0
Benjamin Bengfort	The War of Pawns (The Human Chronicles, #3)	4.0
Benjamin Bengfort	Alien Assassin (Human Chronicles, #2)	4.0
Benjamin Bengfort	Artisan Bread in Five Minutes a Day: The Discovery That Revolutionizes Home Baking	4.0
Benjamin Bengfort	The Postmortal	4.0
Benjamin Bengfort	Kitchen Confidential: Adventures in the Culinary Underbelly	4.0
Benjamin Bengfort	802.11 Wireless Networks: The Definitive Guide: Creating and Administering Wireless Networks	4.0
Benjamin Bengfort	Linux Pocket Guide	4.0
Benjamin Bengfort	Python for Unix and Linux System Administration	4.0
Benjamin Bengfort	The  C Programming Language	4.0
Benjamin Bengfort	Build Your Own Ajax Web Applications	4.0
Benjamin Bengfort	Professional WordPress: Design and Development	4.0
Benjamin Bengfort	SQL Cookbook	4.0
Benjamin Bengfort	The Definitive Guide to Django: Web Development Done Right	4.0
Benjamin Bengfort	The CSS: The Ultimate Reference	4.0
Benjamin Bengfort	Wizard's First Rule (Sword of Truth, #1)	4.0
Benjamin Bengfort	METAtropolis Free Story: 'In the Forests of the Night'	4.0
Benjamin Bengfort	METAtropolis: Cascadia	4.0
Benjamin Bengfort	Gai-Jin	4.0
Benjamin Bengfort	Tai-Pan	4.0
Benjamin Bengfort	Embassytown	4.0
Benjamin Bengfort	Visualize This: The FlowingData Guide to Design, Visualization, and Statistics	4.0
Benjamin Bengfort	Across the Nightingale Floor (Tales of the Otori, #1)	4.0
Benjamin Bengfort	The Harsh Cry of the Heron (Tales of the Otori, #4)	4.0
Benjamin Bengfort	Brilliance of the Moon (Tales of the Otori, #3)	4.0
Benjamin Bengfort	Grass for His Pillow (Tales of the Otori, #2)	4.0
Benjamin Bengfort	Fool	4.0
Benjamin Bengfort	The Bonfire of the Vanities	4.0
Benjamin Bengfort	Makers	4.0
Benjamin Bengfort	Zendegi	4.0
Benjamin Bengfort	Spies of the Balkans (Night Soldiers, #11)	4.0
Benjamin Bengfort	The Way of Shadows (Night Angel, #1)	4.0
Benjamin Bengfort	Codex	4.0
Benjamin Bengfort	Shadow's Edge (Night Angel, #2)	4.0
Benjamin Bengfort	Beyond the Shadows (Night Angel, #3)	4.0
Benjamin Bengfort	Perfect Shadow (Night Angel, #0)	4.0
Benjamin Bengfort	Catching Fire (The Hunger Games, #2)	4.0
Benjamin Bengfort	Mockingjay (The Hunger Games, #3)	4.0
Benjamin Bengfort	The Tiger's Wife	4.0
Benjamin Bengfort	Nigella Express: Good Food, Fast	3.0
Benjamin Bengfort	Cosmicomics	3.0
Benjamin Bengfort	Smashing Node.Js: JavaScript Everywhere	3.0
Benjamin Bengfort	Shards of Honor (Vorkosigan Saga, #1)	3.0
Benjamin Bengfort	Ender's Game (Ender's Saga, #1)	3.0
Benjamin Bengfort	The Blight of Muirwood	3.0
Benjamin Bengfort	Courageous (The Lost Fleet, #3)	3.0
Benjamin Bengfort	The Fringe Worlds	3.0
Benjamin Bengfort	Wormhole (The Rho Agenda, #3)	3.0
Benjamin Bengfort	Immune (The Rho Agenda, #2)	3.0
Benjamin Bengfort	Avogadro Corp (Singularity, #1)	3.0
Benjamin Bengfort	Cloud Atlas	3.0
Benjamin Bengfort	Brisingr (The Inheritance Cycle, #3)	3.0
Benjamin Bengfort	Inheritance (The Inheritance Cycle, #4)	3.0
Benjamin Bengfort	Eldest (Inheritance, #2)	3.0
Benjamin Bengfort	Objective-C Programming: The Big Nerd Ranch Guide	3.0
Benjamin Bengfort	Redshirts	3.0
Benjamin Bengfort	jQuery: Novice to Ninja	3.0
Benjamin Bengfort	jQuery Recipes	3.0
Benjamin Bengfort	Simply SQL	3.0
Benjamin Bengfort	Fancy Form Design	3.0
Benjamin Bengfort	The CSS Anthology: 101 Essential Tips, Tricks & Hacks	3.0
Benjamin Bengfort	Judas Unchained (Commonwealth Saga, #2)	3.0
Benjamin Bengfort	Temple of the Winds (Sword of Truth, #4)	3.0
Benjamin Bengfort	Stone of Tears (Sword of Truth, #2)	3.0
Benjamin Bengfort	What Would Google Do?	3.0
Benjamin Bengfort	METAtropolis: The Dawn of Uncivilization	3.0
Benjamin Bengfort	The Innovator's Dilemma: The Revolutionary Book That Will Change the Way You Do Business	3.0
Benjamin Bengfort	Eragon (Inheritance, #1)	3.0
Benjamin Bengfort	Whirlwind	3.0
Benjamin Bengfort	Ringworld (Ringworld #1)	3.0
Benjamin Bengfort	The Magicians (The Magicians, #1)	3.0
Benjamin Bengfort	Eastern Standard Tribe	3.0
Benjamin Bengfort	The Blade Itself (The First Law, #1)	3.0
Benjamin Bengfort	Before They Are Hanged (The First Law, #2)	3.0
Benjamin Bengfort	Last Argument of Kings (The First Law, #3)	3.0
Benjamin Bengfort	Saul and Patsy	3.0
Benjamin Bengfort	Beginning Game Development with Python and Pygame: From Novice to Professional	3.0
Benjamin Bengfort	Stranger in a Strange Land	3.0
Benjamin Bengfort	Tinker, Tailor, Soldier, Spy (George Smiley, #5)	3.0
Benjamin Bengfort	How to Live Safely in a Science Fictional Universe	3.0
Benjamin Bengfort	The Brief Wondrous Life of Oscar Wao	3.0
Benjamin Bengfort	The Fifth Knight	2.0
Benjamin Bengfort	A.I. Apocalypse (Singularity, #2)	2.0
Benjamin Bengfort	Snow Crash	2.0
Benjamin Bengfort	Brave Dragons: A Chinese Basketball Team, an American Coach, and Two Cultures Clashing	2.0
Benjamin Bengfort	Gray Hat Python: Python Programming for Hackers and Reverse Engineers	2.0
Benjamin Bengfort	No Nonsense XML Web Development with PHP	2.0
Benjamin Bengfort	Blood of the Fold (Sword of Truth, #3)	2.0
Benjamin Bengfort	Why We Suck: A Feel Good Guide to Staying Fat, Loud, Lazy and Stupid	2.0
Benjamin Bengfort	Death In Holy Orders (Adam Dalgliesh, #11)	2.0
Benjamin Bengfort	King Rat	2.0
Benjamin Bengfort	The Art of Deception: Controlling the Human Element of Security	2.0
Benjamin Bengfort	Neuromancer (Sprawl, #1)	2.0
Benjamin Bengfort	A Discovery of Witches (All Souls Trilogy, #1)	2.0
Benjamin Bengfort	The Bathtub Spy	2.0
Benjamin Bengfort	The Tactics of Revenge (The Human Chronicles, #4)	1.0
Benjamin Bengfort	A Changed Man	1.0
Jacquelyn Bengfort	American Gods	5.0
Jacquelyn Bengfort	Baby Talk: A Guide to Using Basic Sign Language to Communicate with Your Baby	5.0
Jacquelyn Bengfort	Natural Hospital Birth: The Best of Both Worlds	5.0
Jacquelyn Bengfort	The Graveyard Book	5.0
Jacquelyn Bengfort	Their Eyes Were Watching God	5.0
Jacquelyn Bengfort	Mission to Paris (Night Soldiers, #12)	5.0
Jacquelyn Bengfort	Miss Marple Omnibus Vol. 1 (The Body in the Library / The Moving Finger / A Murder is Announced / 4:50 from Paddington)	5.0
Jacquelyn Bengfort	The Magician King (The Magicians, #2)	4.0
Jacquelyn Bengfort	Mockingjay (The Hunger Games, #3)	4.0
Jacquelyn Bengfort	Catching Fire (The Hunger Games, #2)	4.0
Jacquelyn Bengfort	Bird by Bird: Some Instructions on Writing and Life	4.0
Jacquelyn Bengfort	The Perks of Being a Wallflower	4.0
Jacquelyn Bengfort	The Hunger Games (The Hunger Games, #1)	4.0
Jacquelyn Bengfort	The Tale of Despereaux	4.0
Jacquelyn Bengfort	Vagina: A New Biography	4.0
Jacquelyn Bengfort	Bringing Up Bébé: One American Mother Discovers the Wisdom of French Parenting	4.0
Jacquelyn Bengfort	The Casual Vacancy	4.0
Jacquelyn Bengfort	The Birth Partner	4.0
Jacquelyn Bengfort	A Visit from the Goon Squad	4.0
Jacquelyn Bengfort	Miss Marple Omnibus Vol. 2	4.0
Jacquelyn Bengfort	The Pirates of Somalia: Inside Their Hidden World	4.0
Jacquelyn Bengfort	Rebecca	4.0
Jacquelyn Bengfort	Rebuilt: My Journey Back to the Hearing World	4.0
Jacquelyn Bengfort	Middlesex	4.0
Jacquelyn Bengfort	Flush	4.0
Jacquelyn Bengfort	Fahrenheit 451	3.0
Jacquelyn Bengfort	A Hologram for the King	3.0
Jacquelyn Bengfort	Superbaby: 12 Ways to Give Your Child a Head Start in the First 3 Years	3.0
Jacquelyn Bengfort	Terminal Man	3.0
Jacquelyn Bengfort	Djibouti	2.0
James Stevenson	The Man Upstairs and Other Stories	5.0
James Stevenson	Uncle Dynamite	5.0
James Stevenson	Psmith in the City (Psmith, #2)	5.0
James Stevenson	A Stable for Nightmares or Weird Tales	5.0
James Stevenson	The Big Sleep (Philip Marlowe, #1)	5.0
James Stevenson	The Man Without Qualities	5.0
James Stevenson	Swann's Way (In Search of Lost Time, #1)	5.0
James Stevenson	Tales of Moonlight and Rain	5.0
James Stevenson	The Complete Stories	5.0
James Stevenson	House of Rain: Tracking a Vanished Civilization Across the American Southwest	5.0
James Stevenson	Under the Sea Wind	5.0
James Stevenson	Seraphita	5.0
James Stevenson	The Wild Ass's Skin	5.0
James Stevenson	The Case-Book of Sherlock Holmes (Sherlock Holmes, #9)	5.0
James Stevenson	The Adventures of Sherlock Holmes (Sherlock Holmes, #3)	5.0
James Stevenson	The Arabian Nights Murder (Dr. Gideon Fell, #7)	5.0
James Stevenson	The Problem of the Green Capsule (Dr. Gideon Fell, #10)	5.0
James Stevenson	The Burning Court	5.0
James Stevenson	The Crooked Hinge (Dr. Gideon Fell, #8)	5.0
James Stevenson	The Three Coffins (Dr. Gideon Fell, #6)	5.0
James Stevenson	On Russian Music	5.0
James Stevenson	Arnold Schoenberg	5.0
James Stevenson	The Canterbury Tales: Nine Tales and the General Prologue: Authoritative Text, Sources and Backgrounds, Criticism	5.0
James Stevenson	Disgrace	5.0
James Stevenson	Altarity	5.0
James Stevenson	Humanism of the Other	5.0
James Stevenson	Hard-Boiled Wonderland and the End of the World	5.0
James Stevenson	Doctor Faustus	5.0
James Stevenson	White Noise	5.0
James Stevenson	The Opal	5.0
James Stevenson	Walpurgisnacht	5.0
James Stevenson	The Golem	5.0
James Stevenson	The Man Without Qualities, Vol. 2	5.0
James Stevenson	The Man Without Qualities, Vol. 1	5.0
James Stevenson	The Confusions of Young Törless	5.0
James Stevenson	Gaspard de La Nuit	5.0
James Stevenson	Collected Poems	5.0
James Stevenson	The Crying of Lot 49	5.0
James Stevenson	The Stories of Vladimir Nabokov	5.0
James Stevenson	Pale Fire	5.0
James Stevenson	Cosmicomics	5.0
James Stevenson	If on a Winter's Night a Traveler	5.0
James Stevenson	Musicophilia: Tales of Music and the Brain	4.0
James Stevenson	Peveril of the Peak	4.0
James Stevenson	Travels with Charley: In Search of America	4.0
James Stevenson	Cannery Row	4.0
James Stevenson	The Grapes of Wrath	4.0
James Stevenson	Dialogues Ii	4.0
James Stevenson	The Innocence of Father Brown	4.0
James Stevenson	A Study in Emerald	4.0
James Stevenson	The Lady in the Lake (Philip Marlowe, #4)	4.0
James Stevenson	Collected Fictions	4.0
James Stevenson	Cathedral	4.0
James Stevenson	Contre Sainte-Beuve	4.0
James Stevenson	Casting the Runes and Other Ghost Stories	4.0
James Stevenson	Ghost Stories of an Antiquary	4.0
James Stevenson	The Castle	4.0
James Stevenson	The Elixir of Life	4.0
James Stevenson	The Atheist's Mass	4.0
James Stevenson	The Return of Sherlock Holmes (Sherlock Holmes, #6)	4.0
James Stevenson	The Memoirs of Sherlock Holmes (Sherlock Holmes, #4)	4.0
James Stevenson	The Corpse in the Waxworks (Henri Bencolin, #4)	4.0
James Stevenson	The Blind Barber (Dr. Gideon Fell, #4)	4.0
James Stevenson	He Who Whispers (Dr. Gideon Fell, #16)	4.0
James Stevenson	The Case of the Constant Suicides (Dr. Gideon Fell, #13)	4.0
James Stevenson	The Rest is Noise: Listening to the Twentieth Century	4.0
James Stevenson	Limited Inc	4.0
James Stevenson	Blind Willow, Sleeping Woman	4.0
James Stevenson	Kafka on the Shore	4.0
James Stevenson	The Confessions of Felix Krull, Confidence Man: The Early Years	4.0
James Stevenson	Death in Venice and Other Tales	4.0
James Stevenson	Mao II	4.0
James Stevenson	Das dichterische Werk.	4.0
James Stevenson	The Moor's Last Sigh	4.0
James Stevenson	Ada, or Ardor: A Family Chronicle	4.0
James Stevenson	Lolita	4.0
James Stevenson	Foucault's Pendulum	4.0
James Stevenson	The Name of the Rose	4.0
James Stevenson	The Nonexistent Knight & The Cloven Viscount	4.0
James Stevenson	Woodstock	3.0
James Stevenson	Psmith, Journalist (Psmith, #3)	3.0
James Stevenson	Uncle Fred in the Springtime (Blandings Castle, #6)	3.0
James Stevenson	Armadale	3.0
James Stevenson	Fraulein Else	3.0
James Stevenson	A Thin Ghost and Others	3.0
James Stevenson	Amerika	3.0
James Stevenson	Le Cabinet des Antiques	3.0
James Stevenson	LA RECHERCHE DE L'ABSOLU suivi de LA MESSE DE L'ATHÉE	3.0
James Stevenson	L'Auberge rouge	3.0
James Stevenson	Adieu (Farewell)	3.0
James Stevenson	The Girl with the Golden Eyes	3.0
James Stevenson	The Lost Gallows (Henri Bencolin, #3)	3.0
James Stevenson	The Sleeping Sphinx (Dr. Gideon Fell, #17)	3.0
James Stevenson	Death-Watch (Dr. Gideon Fell, #5)	3.0
James Stevenson	To Wake the Dead (Dr. Gideon Fell, #9)	3.0
James Stevenson	Hag's Nook (Dr. Gideon Fell, #1)	3.0
James Stevenson	The Danger of Music and Other Anti-Utopian Essays	3.0
James Stevenson	Style and Idea: Selected Writings	3.0
James Stevenson	After Dark	3.0
James Stevenson	The Magic Mountain	3.0
James Stevenson	The White Dominican	3.0
James Stevenson	The Green Face	3.0
James Stevenson	Midnight's Children	3.0
James Stevenson	The Mysteries of Udolpho	3.0
James Stevenson	King, Queen, Knave	3.0
James Stevenson	Under the Jaguar Sun	3.0
James Stevenson	Invisible Cities	3.0
James Stevenson	Of Mice and Men	2.0
James Stevenson	The Pearl	2.0
James Stevenson	The Red Pony	2.0
James Stevenson	The Droll Stories of Honore de Balzac	2.0
James Stevenson	The Four False Weapons (Henri Bencolin, #5)	2.0
James Stevenson	The Problem of the Wire Cage (Dr. Gideon Fell, #11)	2.0
James Stevenson	The Man Who Could Not Shudder (Dr. Gideon Fell, #12)	2.0
James Stevenson	Les Particules élémentaires	2.0
James Stevenson	The House at Satan's Elbow (Dr. Gideon Fell, #21)	1.0
James Stevenson	Dark of the Moon (Dr. Gideon Fell, #23)	1.0
James Stevenson	Below Suspicion (Dr. Gideon Fell, #18)	1.0
Jenny Kim	Gone Girl	4.0
Jenny Kim	Steve Jobs	4.0
Jenny Kim	Heat: An Amateur's Adventures as Kitchen Slave, Line Cook, Pasta-Maker, and Apprentice to a Dante-Quoting Butcher in Tuscany	4.0
Jenny Kim	Kitchen Confidential: Adventures in the Culinary Underbelly	4.0
Jenny Kim	NOS4A2	1.0
Ripu Jain	The Particle at the End of the Universe: How the Hunt for the Higgs Boson Leads Us to the Edge of a New World	5.0
Ripu Jain	Star Schema The Complete Reference	5.0
Ripu Jain	From Eternity to Here: The Quest for the Ultimate Theory of Time	5.0
Ripu Jain	The Ultimate Hitchhiker's Guide to the Galaxy (Hitchhiker's Guide to the Galaxy, #1-5)	5.0
Ripu Jain	A Brief History of Time	5.0
Ripu Jain	Harry Potter Boxset (Harry Potter, #1-7)	5.0
Ripu Jain	The God Delusion	5.0
Ripu Jain	The Return of the King (The Lord of the Rings, #3)	5.0
Ripu Jain	The God Conspiracy: The Path from Superstition to Super Consciousness	5.0
Ripu Jain	The Grand Design	5.0
Ripu Jain	A Game of Thrones: Comic Book, Issue 2	5.0
Ripu Jain	A Game of Thrones (A Song of Ice and Fire, #1)	5.0
Ripu Jain	Brisingr (The Inheritance Cycle, #3)	5.0
Ripu Jain	Eldest (Inheritance, #2)	5.0
Ripu Jain	Eragon (Inheritance, #1)	5.0
Ripu Jain	Catching Fire (The Hunger Games, #2)	5.0
Ripu Jain	The Hunger Games (The Hunger Games #1)	5.0
Ripu Jain	A Universe from Nothing: Why There Is Something Rather Than Nothing	5.0
Ripu Jain	In the Plex: How Google Thinks, Works, and Shapes Our Lives	4.0
Ripu Jain	The Data Warehouse Toolkit: The Complete Guide to Dimensional Modeling	4.0
Ripu Jain	The Data Warehouse Lifecycle Toolkit	4.0
Ripu Jain	Building the Data Warehouse	4.0
Ripu Jain	The Hidden Reality: Parallel Universes and the Deep Laws of the Cosmos	4.0
Ripu Jain	The Fabric of the Cosmos	4.0
Ripu Jain	The Black Hole War: My Battle with Stephen Hawking to Make the World Safe for Quantum Mechanics	4.0
Ripu Jain	The Elegant Universe: Superstrings, Hidden Dimensions, and the Quest for the Ultimate Theory	4.0
Ripu Jain	The Two Towers (The Lord of the Rings, #2)	4.0
Ripu Jain	The Fellowship of the Ring (The Lord of the Rings, #1)	4.0
Ripu Jain	Steve Jobs	4.0
Ripu Jain	Mockingjay (The Hunger Games, #3)	4.0
Ripu Jain	Inheritance (The Inheritance Cycle, #4)	3.0
Sydney Blanchard	The Complete Anne of Green Gables Boxed Set (Anne of Green Gables, #1-8)	5.0
Sydney Blanchard	No Compromise	5.0
Sydney Blanchard	The Bronze Bow	5.0
Sydney Blanchard	The Bhagavad Gita	5.0
Sydney Blanchard	A Walk in the Woods: Rediscovering America on the Appalachian Trail	5.0
Sydney Blanchard	Eat, Pray, Love	5.0
Sydney Blanchard	A Thousand Splendid Suns	5.0
Sydney Blanchard	Life of Pi	5.0
Sydney Blanchard	The Kite Runner	5.0
Sydney Blanchard	Emma	5.0
Sydney Blanchard	Sense and Sensibility	5.0
Sydney Blanchard	Little Women (Little Women, #1)	5.0
Sydney Blanchard	Madeline's Rescue	5.0
Sydney Blanchard	A Pocket for Corduroy	5.0
Sydney Blanchard	A Bear Called Paddington (Paddington, #1)	5.0
Sydney Blanchard	The Complete Adventures of Curious George	5.0
Sydney Blanchard	Surprised by Joy	5.0
Sydney Blanchard	A Grief Observed	5.0
Sydney Blanchard	The Hiding Place	5.0
Sydney Blanchard	The Great Divorce	5.0
Sydney Blanchard	The Lion, the Witch, and the Wardrobe (Chronicles of Narnia, #1)	5.0
Sydney Blanchard	Joni & Ken: An Untold Love Story	4.0
Sydney Blanchard	Unexpected Love: God's Heart Revealed in Jesus' Conversations with Women	4.0
Sydney Blanchard	All Creatures Great and Small	4.0
Sydney Blanchard	Joni: An Unforgettable Story	4.0
Sydney Blanchard	Rifles for Watie	4.0
Sydney Blanchard	The Book Thief	4.0
Sydney Blanchard	Anne of Green Gables (Anne of Green Gables, #1)	4.0
Sydney Blanchard	The Witch of Blackbird Pond	4.0
Sydney Blanchard	Where the Red Fern Grows	4.0
Sydney Blanchard	The Art of War	4.0
Sydney Blanchard	The Bonesetter's Daughter	4.0
Sydney Blanchard	Memoirs of a Geisha	4.0
Sydney Blanchard	Water for Elephants	4.0
Sydney Blanchard	The Catcher in the Rye	4.0
Sydney Blanchard	The House at Pooh Corner	4.0
Sydney Blanchard	Hinds' Feet on High Places	4.0
Sydney Blanchard	Blue Like Jazz: Nonreligious Thoughts on Christian Spirituality	4.0
Sydney Blanchard	Redeeming Love	4.0
Sydney Blanchard	Henna for the Broken Hearted	4.0
Sydney Blanchard	A Year of Biblical Womanhood	4.0
Sydney Blanchard	The Secret Thoughts of an Unlikely Convert: An English Professor's Journey Into Christian Faith	3.0
Sydney Blanchard	Bloom: Finding Beauty in the Unexpected--A Memoir	3.0
Sydney Blanchard	The Story of My Life	3.0
Sydney Blanchard	Tales of a Female Nomad: Living at Large in the World	3.0
Sydney Blanchard	Calico Captive	3.0
Sydney Blanchard	The Sign of the Beaver	3.0
Sydney Blanchard	The Wheel on the School	3.0
Sydney Blanchard	Island of the Blue Dolphins (Island of the Blue Dolphins, #1)	3.0
Sydney Blanchard	The Federalist Papers	3.0
Sydney Blanchard	The Diary of a Young Girl	3.0
Sydney Blanchard	Is Everyone Hanging Out Without Me?	3.0
Sydney Blanchard	Harry Potter and the Sorcerer's Stone (Harry Potter, #1)	3.0
Sydney Blanchard	Brave New World	3.0
Sydney Blanchard	Catching Fire (The Hunger Games, #2)	3.0
Sydney Blanchard	Mockingjay (The Hunger Games, #3)	3.0
Sydney Blanchard	The Hunger Games (The Hunger Games #1)	3.0
Sydney Blanchard	Little House in the Big Woods (Little House, #1)	2.0
Sydney Blanchard	Reading Lolita in Tehran	2.0
Sydney Blanchard	Left Behind (Left Behind, #1)	2.0
